0 verbose cli C:\Program Files\nodejs\node.exe C:\Program Files\nodejs\node_modules\npm\bin\npm-cli.js
1 info using npm@11.9.0
2 info using node@v24.14.0
3 silly config load:file:C:\Program Files\nodejs\node_modules\npm\npmrc
4 silly config load:file:C:\Users\HP\Documents\Cursor projects\Commersial\Bizon\.npmrc
5 silly config load:file:C:\Users\HP\.npmrc
6 silly config load:file:C:\Users\HP\AppData\Roaming\npm\etc\npmrc
7 verbose title npm install vitest
8 verbose argv "install" "--save-dev" "vitest" "--cache" ".npm-cache"
9 verbose logfile logs-max:10 dir:C:\Users\HP\Documents\Cursor projects\Commersial\Bizon\.npm-cache\_logs\2026-07-19T14_21_23_126Z-
10 verbose logfile C:\Users\HP\Documents\Cursor projects\Commersial\Bizon\.npm-cache\_logs\2026-07-19T14_21_23_126Z-debug-0.log
11 silly logfile done cleaning log files
12 silly packumentCache heap:4496293888 maxSize:1124073472 maxEntrySize:562036736
13 silly idealTree buildDeps
14 silly fetch manifest vitest@*
15 silly packumentCache full:https://registry.npmjs.org/vitest cache-miss
16 http fetch GET 200 https://registry.npmjs.org/vitest 1578ms (cache miss)
17 silly packumentCache full:https://registry.npmjs.org/vitest set size:undefined disposed:false
18 silly placeDep ROOT vitest@4.1.10 OK for: bizon_tires@1.0.0 want: *
19 silly fetch manifest obug@^2.1.1
20 silly packumentCache full:https://registry.npmjs.org/obug cache-miss
21 silly fetch manifest vite@^6.0.0 || ^7.0.0 || ^8.0.0
22 silly packumentCache full:https://registry.npmjs.org/vite cache-miss
23 silly fetch manifest pathe@^2.0.3
24 silly packumentCache full:https://registry.npmjs.org/pathe cache-miss
25 silly fetch manifest std-env@^4.0.0-rc.1
26 silly packumentCache full:https://registry.npmjs.org/std-env cache-miss
27 silly fetch manifest tinyexec@^1.0.2
28 silly packumentCache full:https://registry.npmjs.org/tinyexec cache-miss
29 silly fetch manifest tinybench@^2.9.0
30 silly packumentCache full:https://registry.npmjs.org/tinybench cache-miss
31 silly fetch manifest @vitest/spy@4.1.10
32 silly packumentCache full:https://registry.npmjs.org/@vitest%2fspy cache-miss
33 silly fetch manifest expect-type@^1.3.0
34 silly packumentCache full:https://registry.npmjs.org/expect-type cache-miss
35 silly fetch manifest tinyrainbow@^3.1.0
36 silly packumentCache full:https://registry.npmjs.org/tinyrainbow cache-miss
37 silly fetch manifest @vitest/utils@4.1.10
38 silly packumentCache full:https://registry.npmjs.org/@vitest%2futils cache-miss
39 silly fetch manifest @vitest/expect@4.1.10
40 silly packumentCache full:https://registry.npmjs.org/@vitest%2fexpect cache-miss
41 http fetch GET 200 https://registry.npmjs.org/obug 219ms (cache miss)
42 silly packumentCache full:https://registry.npmjs.org/obug set size:undefined disposed:false
43 silly fetch manifest @vitest/mocker@4.1.10
44 silly packumentCache full:https://registry.npmjs.org/@vitest%2fmocker cache-miss
45 http fetch GET 200 https://registry.npmjs.org/@vitest%2fmocker 251ms (cache miss)
46 silly packumentCache full:https://registry.npmjs.org/@vitest%2fmocker set size:undefined disposed:false
47 silly fetch manifest @vitest/runner@4.1.10
48 silly packumentCache full:https://registry.npmjs.org/@vitest%2frunner cache-miss
49 http fetch GET 200 https://registry.npmjs.org/@vitest%2frunner 259ms (cache miss)
50 silly packumentCache full:https://registry.npmjs.org/@vitest%2frunner set size:undefined disposed:false
51 silly fetch manifest es-module-lexer@^2.0.0
52 silly packumentCache full:https://registry.npmjs.org/es-module-lexer cache-miss
53 http fetch GET 200 https://registry.npmjs.org/pathe 752ms (cache miss)
54 silly packumentCache full:https://registry.npmjs.org/pathe set size:undefined disposed:false
55 silly fetch manifest @vitest/snapshot@4.1.10
56 silly packumentCache full:https://registry.npmjs.org/@vitest%2fsnapshot cache-miss
57 http fetch GET 200 https://registry.npmjs.org/std-env 802ms (cache miss)
58 silly packumentCache full:https://registry.npmjs.org/std-env set size:undefined disposed:false
59 silly fetch manifest why-is-node-running@^2.3.0
60 silly packumentCache full:https://registry.npmjs.org/why-is-node-running cache-miss
61 http fetch GET 200 https://registry.npmjs.org/tinyexec 912ms (cache miss)
62 silly packumentCache full:https://registry.npmjs.org/tinyexec set size:undefined disposed:false
63 silly fetch manifest @vitest/pretty-format@4.1.10
64 silly packumentCache full:https://registry.npmjs.org/@vitest%2fpretty-format cache-miss
65 http fetch GET 200 https://registry.npmjs.org/tinybench 949ms (cache miss)
66 silly packumentCache full:https://registry.npmjs.org/tinybench set size:undefined disposed:false
67 http fetch GET 200 https://registry.npmjs.org/tinyrainbow 951ms (cache miss)
68 silly packumentCache full:https://registry.npmjs.org/tinyrainbow set size:undefined disposed:false
69 http fetch GET 200 https://registry.npmjs.org/es-module-lexer 282ms (cache miss)
70 silly packumentCache full:https://registry.npmjs.org/es-module-lexer set size:undefined disposed:false
71 http fetch GET 200 https://registry.npmjs.org/why-is-node-running 262ms (cache miss)
72 silly packumentCache full:https://registry.npmjs.org/why-is-node-running set size:undefined disposed:false
73 http fetch GET 200 https://registry.npmjs.org/@vitest%2fpretty-format 287ms (cache miss)
74 silly packumentCache full:https://registry.npmjs.org/@vitest%2fpretty-format set size:undefined disposed:false
75 http fetch GET 200 https://registry.npmjs.org/expect-type 1233ms (cache miss)
76 silly packumentCache full:https://registry.npmjs.org/expect-type set size:undefined disposed:false
77 http fetch GET 200 https://registry.npmjs.org/@vitest%2futils 1292ms (cache miss)
78 silly packumentCache full:https://registry.npmjs.org/@vitest%2futils set size:undefined disposed:false
79 http fetch GET 200 https://registry.npmjs.org/@vitest%2fspy 1311ms (cache miss)
80 silly packumentCache full:https://registry.npmjs.org/@vitest%2fspy set size:undefined disposed:false
81 http fetch GET 200 https://registry.npmjs.org/@vitest%2fsnapshot 1304ms (cache miss)
82 silly packumentCache full:https://registry.npmjs.org/@vitest%2fsnapshot set size:undefined disposed:false
83 http fetch GET 200 https://registry.npmjs.org/@vitest%2fexpect 2149ms (cache miss)
84 silly packumentCache full:https://registry.npmjs.org/@vitest%2fexpect set size:undefined disposed:false
85 http fetch GET 200 https://registry.npmjs.org/vite 4144ms (cache miss)
86 silly packumentCache full:https://registry.npmjs.org/vite set size:undefined disposed:false
87 silly placeDep ROOT @vitest/expect@4.1.10 OK for: vitest@4.1.10 want: 4.1.10
88 silly placeDep ROOT @vitest/mocker@4.1.10 OK for: vitest@4.1.10 want: 4.1.10
89 silly placeDep ROOT @vitest/pretty-format@4.1.10 OK for: vitest@4.1.10 want: 4.1.10
90 silly placeDep ROOT @vitest/runner@4.1.10 OK for: vitest@4.1.10 want: 4.1.10
91 silly placeDep ROOT @vitest/snapshot@4.1.10 OK for: vitest@4.1.10 want: 4.1.10
92 silly placeDep ROOT @vitest/spy@4.1.10 OK for: vitest@4.1.10 want: 4.1.10
93 silly placeDep ROOT @vitest/utils@4.1.10 OK for: vitest@4.1.10 want: 4.1.10
94 silly placeDep ROOT es-module-lexer@2.3.1 OK for: vitest@4.1.10 want: ^2.0.0
95 silly placeDep ROOT expect-type@1.4.0 OK for: vitest@4.1.10 want: ^1.3.0
96 silly placeDep ROOT obug@2.1.4 OK for: vitest@4.1.10 want: ^2.1.1
97 silly placeDep ROOT pathe@2.0.3 OK for: vitest@4.1.10 want: ^2.0.3
98 silly placeDep ROOT std-env@4.2.0 OK for: vitest@4.1.10 want: ^4.0.0-rc.1
99 silly placeDep ROOT tinybench@2.9.0 OK for: vitest@4.1.10 want: ^2.9.0
100 silly placeDep ROOT tinyexec@1.2.4 OK for: vitest@4.1.10 want: ^1.0.2
101 silly placeDep ROOT tinyrainbow@3.1.0 OK for: vitest@4.1.10 want: ^3.1.0
102 silly placeDep ROOT vite@8.1.5 OK for: vitest@4.1.10 want: ^6.0.0 || ^7.0.0 || ^8.0.0
103 silly placeDep ROOT why-is-node-running@2.3.0 OK for: vitest@4.1.10 want: ^2.3.0
104 silly fetch manifest chai@^6.2.2
105 silly packumentCache full:https://registry.npmjs.org/chai cache-miss
106 silly fetch manifest @types/chai@^5.2.2
107 silly packumentCache full:https://registry.npmjs.org/@types%2fchai cache-miss
108 silly fetch manifest @standard-schema/spec@^1.1.0
109 silly packumentCache full:https://registry.npmjs.org/@standard-schema%2fspec cache-miss
110 silly fetch manifest estree-walker@^3.0.3
111 silly packumentCache full:https://registry.npmjs.org/estree-walker cache-miss
112 silly fetch manifest convert-source-map@^2.0.0
113 silly packumentCache full:https://registry.npmjs.org/convert-source-map cache-miss
114 silly fetch manifest lightningcss@^1.32.0
115 silly packumentCache full:https://registry.npmjs.org/lightningcss cache-miss
116 silly fetch manifest picomatch@^4.0.5
117 silly packumentCache full:https://registry.npmjs.org/picomatch cache-miss
118 silly fetch manifest postcss@^8.5.17
119 silly packumentCache full:https://registry.npmjs.org/postcss cache-miss
120 silly fetch manifest rolldown@~1.1.5
121 silly packumentCache full:https://registry.npmjs.org/rolldown cache-miss
122 silly fetch manifest tinyglobby@^0.2.17
123 silly packumentCache full:https://registry.npmjs.org/tinyglobby cache-miss
124 silly fetch manifest siginfo@^2.0.0
125 silly packumentCache full:https://registry.npmjs.org/siginfo cache-miss
126 http fetch GET 200 https://registry.npmjs.org/picomatch 777ms (cache miss)
127 silly packumentCache full:https://registry.npmjs.org/picomatch set size:undefined disposed:false
128 silly fetch manifest stackback@0.0.2
129 silly packumentCache full:https://registry.npmjs.org/stackback cache-miss
130 http fetch GET 200 https://registry.npmjs.org/lightningcss 782ms (cache miss)
131 silly packumentCache full:https://registry.npmjs.org/lightningcss set size:undefined disposed:false
132 http fetch GET 200 https://registry.npmjs.org/rolldown 806ms (cache miss)
133 silly packumentCache full:https://registry.npmjs.org/rolldown set size:undefined disposed:false
134 http fetch GET 200 https://registry.npmjs.org/postcss 847ms (cache miss)
135 silly packumentCache full:https://registry.npmjs.org/postcss set size:undefined disposed:false
136 http fetch GET 200 https://registry.npmjs.org/siginfo 890ms (cache miss)
137 silly packumentCache full:https://registry.npmjs.org/siginfo set size:undefined disposed:false
138 http fetch GET 200 https://registry.npmjs.org/stackback 199ms (cache miss)
139 silly packumentCache full:https://registry.npmjs.org/stackback set size:undefined disposed:false
140 http fetch GET 200 https://registry.npmjs.org/@types%2fchai 1260ms (cache miss)
141 silly packumentCache full:https://registry.npmjs.org/@types%2fchai set size:undefined disposed:false
142 http fetch GET 200 https://registry.npmjs.org/@standard-schema%2fspec 1291ms (cache miss)
143 silly packumentCache full:https://registry.npmjs.org/@standard-schema%2fspec set size:undefined disposed:false
144 http fetch GET 200 https://registry.npmjs.org/tinyglobby 1429ms (cache miss)
145 silly packumentCache full:https://registry.npmjs.org/tinyglobby set size:undefined disposed:false
146 http fetch GET 200 https://registry.npmjs.org/chai 1460ms (cache miss)
147 silly packumentCache full:https://registry.npmjs.org/chai set size:undefined disposed:false
148 http fetch GET 200 https://registry.npmjs.org/convert-source-map 1556ms (cache miss)
149 silly packumentCache full:https://registry.npmjs.org/convert-source-map set size:undefined disposed:false
150 http fetch GET 200 https://registry.npmjs.org/estree-walker 1563ms (cache miss)
151 silly packumentCache full:https://registry.npmjs.org/estree-walker set size:undefined disposed:false
152 silly placeDep ROOT @standard-schema/spec@1.1.0 OK for: @vitest/expect@4.1.10 want: ^1.1.0
153 silly placeDep ROOT @types/chai@5.2.3 OK for: @vitest/expect@4.1.10 want: ^5.2.2
154 silly placeDep ROOT chai@6.2.2 OK for: @vitest/expect@4.1.10 want: ^6.2.2
155 silly fetch manifest @types/deep-eql@*
156 silly packumentCache full:https://registry.npmjs.org/@types%2fdeep-eql cache-miss
157 silly fetch manifest assertion-error@^2.0.1
158 silly packumentCache full:https://registry.npmjs.org/assertion-error cache-miss
159 http fetch GET 200 https://registry.npmjs.org/assertion-error 174ms (cache miss)
160 silly packumentCache full:https://registry.npmjs.org/assertion-error set size:undefined disposed:false
161 http fetch GET 200 https://registry.npmjs.org/@types%2fdeep-eql 201ms (cache miss)
162 silly packumentCache full:https://registry.npmjs.org/@types%2fdeep-eql set size:undefined disposed:false
163 silly placeDep ROOT @types/deep-eql@4.0.2 OK for: @types/chai@5.2.3 want: *
164 silly placeDep ROOT assertion-error@2.0.1 OK for: @types/chai@5.2.3 want: ^2.0.1
165 silly placeDep ROOT estree-walker@3.0.3 OK for: @vitest/mocker@4.1.10 want: ^3.0.3
166 silly placeDep ROOT convert-source-map@2.0.0 OK for: @vitest/utils@4.1.10 want: ^2.0.0
167 silly placeDep node_modules/vite lightningcss@1.32.0 OK for: vite@8.1.5 want: ^1.32.0
168 silly placeDep ROOT picomatch@4.0.5 REPLACE for: vite@8.1.5 want: ^4.0.5
169 silly placeDep ROOT postcss@8.5.20 REPLACE for: vite@8.1.5 want: ^8.5.17
170 silly placeDep ROOT rolldown@1.1.5 OK for: vite@8.1.5 want: ~1.1.5
171 silly placeDep ROOT tinyglobby@0.2.17 REPLACE for: vite@8.1.5 want: ^0.2.17
172 silly fetch manifest lightningcss-darwin-x64@1.32.0
173 silly packumentCache full:https://registry.npmjs.org/lightningcss-darwin-x64 cache-miss
174 silly fetch manifest lightningcss-linux-x64-gnu@1.32.0
175 silly packumentCache full:https://registry.npmjs.org/lightningcss-linux-x64-gnu cache-miss
176 silly fetch manifest lightningcss-win32-x64-msvc@1.32.0
177 silly packumentCache full:https://registry.npmjs.org/lightningcss-win32-x64-msvc cache-miss
178 silly fetch manifest lightningcss-win32-arm64-msvc@1.32.0
179 silly packumentCache full:https://registry.npmjs.org/lightningcss-win32-arm64-msvc cache-miss
180 silly fetch manifest lightningcss-darwin-arm64@1.32.0
181 silly packumentCache full:https://registry.npmjs.org/lightningcss-darwin-arm64 cache-miss
182 silly fetch manifest lightningcss-linux-arm64-gnu@1.32.0
183 silly packumentCache full:https://registry.npmjs.org/lightningcss-linux-arm64-gnu cache-miss
184 silly fetch manifest lightningcss-linux-arm-gnueabihf@1.32.0
185 silly packumentCache full:https://registry.npmjs.org/lightningcss-linux-arm-gnueabihf cache-miss
186 silly fetch manifest lightningcss-linux-arm64-musl@1.32.0
187 silly packumentCache full:https://registry.npmjs.org/lightningcss-linux-arm64-musl cache-miss
188 silly fetch manifest lightningcss-linux-x64-musl@1.32.0
189 silly packumentCache full:https://registry.npmjs.org/lightningcss-linux-x64-musl cache-miss
190 silly fetch manifest lightningcss-freebsd-x64@1.32.0
191 silly packumentCache full:https://registry.npmjs.org/lightningcss-freebsd-x64 cache-miss
192 silly fetch manifest lightningcss-android-arm64@1.32.0
193 silly packumentCache full:https://registry.npmjs.org/lightningcss-android-arm64 cache-miss
194 http fetch GET 200 https://registry.npmjs.org/lightningcss-freebsd-x64 210ms (cache miss)
195 silly packumentCache full:https://registry.npmjs.org/lightningcss-freebsd-x64 set size:undefined disposed:false
196 silly fetch manifest nanoid@^3.3.16
197 silly packumentCache full:https://registry.npmjs.org/nanoid cache-miss
198 http fetch GET 200 https://registry.npmjs.org/lightningcss-win32-x64-msvc 219ms (cache miss)
199 silly packumentCache full:https://registry.npmjs.org/lightningcss-win32-x64-msvc set size:undefined disposed:false
200 silly fetch manifest @oxc-project/types@=0.139.0
201 silly packumentCache full:https://registry.npmjs.org/@oxc-project%2ftypes cache-miss
202 http fetch GET 200 https://registry.npmjs.org/lightningcss-darwin-arm64 222ms (cache miss)
203 silly packumentCache full:https://registry.npmjs.org/lightningcss-darwin-arm64 set size:undefined disposed:false
204 silly fetch manifest @rolldown/pluginutils@^1.0.0
205 silly packumentCache full:https://registry.npmjs.org/@rolldown%2fpluginutils cache-miss
206 http fetch GET 200 https://registry.npmjs.org/lightningcss-win32-arm64-msvc 228ms (cache miss)
207 silly packumentCache full:https://registry.npmjs.org/lightningcss-win32-arm64-msvc set size:undefined disposed:false
208 silly fetch manifest @rolldown/binding-darwin-x64@1.1.5
209 silly packumentCache full:https://registry.npmjs.org/@rolldown%2fbinding-darwin-x64 cache-miss
210 http fetch GET 200 https://registry.npmjs.org/lightningcss-android-arm64 232ms (cache miss)
211 silly packumentCache full:https://registry.npmjs.org/lightningcss-android-arm64 set size:undefined disposed:false
212 silly fetch manifest @rolldown/binding-freebsd-x64@1.1.5
213 silly packumentCache full:https://registry.npmjs.org/@rolldown%2fbinding-freebsd-x64 cache-miss
214 http fetch GET 200 https://registry.npmjs.org/lightningcss-linux-x64-gnu 244ms (cache miss)
215 silly packumentCache full:https://registry.npmjs.org/lightningcss-linux-x64-gnu set size:undefined disposed:false
216 silly fetch manifest @rolldown/binding-wasm32-wasi@1.1.5
217 silly packumentCache full:https://registry.npmjs.org/@rolldown%2fbinding-wasm32-wasi cache-miss
218 http fetch GET 200 https://registry.npmjs.org/lightningcss-linux-arm64-musl 251ms (cache miss)
219 silly packumentCache full:https://registry.npmjs.org/lightningcss-linux-arm64-musl set size:undefined disposed:false
220 silly fetch manifest @rolldown/binding-darwin-arm64@1.1.5
221 silly packumentCache full:https://registry.npmjs.org/@rolldown%2fbinding-darwin-arm64 cache-miss
222 http fetch GET 200 https://registry.npmjs.org/lightningcss-linux-arm-gnueabihf 282ms (cache miss)
223 silly packumentCache full:https://registry.npmjs.org/lightningcss-linux-arm-gnueabihf set size:undefined disposed:false
224 silly fetch manifest @rolldown/binding-android-arm64@1.1.5
225 silly packumentCache full:https://registry.npmjs.org/@rolldown%2fbinding-android-arm64 cache-miss
226 http fetch GET 200 https://registry.npmjs.org/lightningcss-linux-x64-musl 287ms (cache miss)
227 silly packumentCache full:https://registry.npmjs.org/lightningcss-linux-x64-musl set size:undefined disposed:false
228 silly fetch manifest @rolldown/binding-linux-x64-gnu@1.1.5
229 silly packumentCache full:https://registry.npmjs.org/@rolldown%2fbinding-linux-x64-gnu cache-miss
230 http fetch GET 200 https://registry.npmjs.org/lightningcss-linux-arm64-gnu 297ms (cache miss)
231 silly packumentCache full:https://registry.npmjs.org/lightningcss-linux-arm64-gnu set size:undefined disposed:false
232 silly fetch manifest @rolldown/binding-linux-x64-musl@1.1.5
233 silly packumentCache full:https://registry.npmjs.org/@rolldown%2fbinding-linux-x64-musl cache-miss
234 http fetch GET 200 https://registry.npmjs.org/lightningcss-darwin-x64 309ms (cache miss)
235 silly packumentCache full:https://registry.npmjs.org/lightningcss-darwin-x64 set size:undefined disposed:false
236 silly fetch manifest @rolldown/binding-win32-x64-msvc@1.1.5
237 silly packumentCache full:https://registry.npmjs.org/@rolldown%2fbinding-win32-x64-msvc cache-miss
238 http fetch GET 200 https://registry.npmjs.org/nanoid 209ms (cache miss)
239 silly packumentCache full:https://registry.npmjs.org/nanoid set size:undefined disposed:false
240 silly fetch manifest @rolldown/binding-linux-arm64-gnu@1.1.5
241 silly packumentCache full:https://registry.npmjs.org/@rolldown%2fbinding-linux-arm64-gnu cache-miss
242 http fetch GET 200 https://registry.npmjs.org/@rolldown%2fpluginutils 288ms (cache miss)
243 silly packumentCache full:https://registry.npmjs.org/@rolldown%2fpluginutils set size:undefined disposed:false
244 silly fetch manifest @rolldown/binding-linux-ppc64-gnu@1.1.5
245 silly packumentCache full:https://registry.npmjs.org/@rolldown%2fbinding-linux-ppc64-gnu cache-miss
246 http fetch GET 200 https://registry.npmjs.org/@oxc-project%2ftypes 305ms (cache miss)
247 silly packumentCache full:https://registry.npmjs.org/@oxc-project%2ftypes set size:undefined disposed:false
248 silly fetch manifest @rolldown/binding-linux-s390x-gnu@1.1.5
249 silly packumentCache full:https://registry.npmjs.org/@rolldown%2fbinding-linux-s390x-gnu cache-miss
250 http fetch GET 200 https://registry.npmjs.org/@rolldown%2fbinding-android-arm64 247ms (cache miss)
251 silly packumentCache full:https://registry.npmjs.org/@rolldown%2fbinding-android-arm64 set size:undefined disposed:false
252 silly fetch manifest @rolldown/binding-linux-arm64-musl@1.1.5
253 silly packumentCache full:https://registry.npmjs.org/@rolldown%2fbinding-linux-arm64-musl cache-miss
254 http fetch GET 200 https://registry.npmjs.org/@rolldown%2fbinding-linux-ppc64-gnu 230ms (cache miss)
255 silly packumentCache full:https://registry.npmjs.org/@rolldown%2fbinding-linux-ppc64-gnu set size:undefined disposed:false
256 silly fetch manifest @rolldown/binding-win32-arm64-msvc@1.1.5
257 silly packumentCache full:https://registry.npmjs.org/@rolldown%2fbinding-win32-arm64-msvc cache-miss
258 http fetch GET 200 https://registry.npmjs.org/@rolldown%2fbinding-linux-s390x-gnu 229ms (cache miss)
259 silly packumentCache full:https://registry.npmjs.org/@rolldown%2fbinding-linux-s390x-gnu set size:undefined disposed:false
260 silly fetch manifest @rolldown/binding-openharmony-arm64@1.1.5
261 silly packumentCache full:https://registry.npmjs.org/@rolldown%2fbinding-openharmony-arm64 cache-miss
262 http fetch GET 200 https://registry.npmjs.org/@rolldown%2fbinding-wasm32-wasi 657ms (cache miss)
263 silly packumentCache full:https://registry.npmjs.org/@rolldown%2fbinding-wasm32-wasi set size:undefined disposed:false
264 silly fetch manifest @rolldown/binding-linux-arm-gnueabihf@1.1.5
265 silly packumentCache full:https://registry.npmjs.org/@rolldown%2fbinding-linux-arm-gnueabihf cache-miss
266 http fetch GET 200 https://registry.npmjs.org/@rolldown%2fbinding-linux-arm64-gnu 503ms (cache miss)
267 silly packumentCache full:https://registry.npmjs.org/@rolldown%2fbinding-linux-arm64-gnu set size:undefined disposed:false
268 http fetch GET 200 https://registry.npmjs.org/@rolldown%2fbinding-openharmony-arm64 274ms (cache miss)
269 silly packumentCache full:https://registry.npmjs.org/@rolldown%2fbinding-openharmony-arm64 set size:undefined disposed:false
270 http fetch GET 200 https://registry.npmjs.org/@rolldown%2fbinding-linux-x64-gnu 819ms (cache miss)
271 silly packumentCache full:https://registry.npmjs.org/@rolldown%2fbinding-linux-x64-gnu set size:undefined disposed:false
272 http fetch GET 200 https://registry.npmjs.org/@rolldown%2fbinding-win32-x64-msvc 829ms (cache miss)
273 silly packumentCache full:https://registry.npmjs.org/@rolldown%2fbinding-win32-x64-msvc set size:undefined disposed:false
274 http fetch GET 200 https://registry.npmjs.org/@rolldown%2fbinding-linux-x64-musl 1193ms (cache miss)
275 silly packumentCache full:https://registry.npmjs.org/@rolldown%2fbinding-linux-x64-musl set size:undefined disposed:false
276 http fetch GET 200 https://registry.npmjs.org/@rolldown%2fbinding-darwin-arm64 1245ms (cache miss)
277 silly packumentCache full:https://registry.npmjs.org/@rolldown%2fbinding-darwin-arm64 set size:undefined disposed:false
278 http fetch GET 200 https://registry.npmjs.org/@rolldown%2fbinding-win32-arm64-msvc 787ms (cache miss)
279 silly packumentCache full:https://registry.npmjs.org/@rolldown%2fbinding-win32-arm64-msvc set size:undefined disposed:false
280 http fetch GET 200 https://registry.npmjs.org/@rolldown%2fbinding-freebsd-x64 1384ms (cache miss)
281 silly packumentCache full:https://registry.npmjs.org/@rolldown%2fbinding-freebsd-x64 set size:undefined disposed:false
282 http fetch GET 200 https://registry.npmjs.org/@rolldown%2fbinding-linux-arm64-musl 1121ms (cache miss)
283 silly packumentCache full:https://registry.npmjs.org/@rolldown%2fbinding-linux-arm64-musl set size:undefined disposed:false
284 http fetch GET 200 https://registry.npmjs.org/@rolldown%2fbinding-linux-arm-gnueabihf 757ms (cache miss)
285 silly packumentCache full:https://registry.npmjs.org/@rolldown%2fbinding-linux-arm-gnueabihf set size:undefined disposed:false
286 http fetch GET 200 https://registry.npmjs.org/@rolldown%2fbinding-darwin-x64 2017ms (cache miss)
287 silly packumentCache full:https://registry.npmjs.org/@rolldown%2fbinding-darwin-x64 set size:undefined disposed:false
288 silly placeDep ROOT nanoid@3.3.16 REPLACE for: postcss@8.5.20 want: ^3.3.16
289 silly placeDep ROOT @oxc-project/types@0.139.0 OK for: rolldown@1.1.5 want: =0.139.0
290 silly placeDep ROOT @rolldown/binding-android-arm64@1.1.5 OK for: rolldown@1.1.5 want: 1.1.5
291 silly placeDep ROOT @rolldown/binding-darwin-arm64@1.1.5 OK for: rolldown@1.1.5 want: 1.1.5
292 silly placeDep ROOT @rolldown/binding-darwin-x64@1.1.5 OK for: rolldown@1.1.5 want: 1.1.5
293 silly placeDep ROOT @rolldown/binding-freebsd-x64@1.1.5 OK for: rolldown@1.1.5 want: 1.1.5
294 silly placeDep ROOT @rolldown/binding-linux-arm-gnueabihf@1.1.5 OK for: rolldown@1.1.5 want: 1.1.5
295 silly placeDep ROOT @rolldown/binding-linux-arm64-gnu@1.1.5 OK for: rolldown@1.1.5 want: 1.1.5
296 silly placeDep ROOT @rolldown/binding-linux-arm64-musl@1.1.5 OK for: rolldown@1.1.5 want: 1.1.5
297 silly placeDep ROOT @rolldown/binding-linux-ppc64-gnu@1.1.5 OK for: rolldown@1.1.5 want: 1.1.5
298 silly placeDep ROOT @rolldown/binding-linux-s390x-gnu@1.1.5 OK for: rolldown@1.1.5 want: 1.1.5
299 silly placeDep ROOT @rolldown/binding-linux-x64-gnu@1.1.5 OK for: rolldown@1.1.5 want: 1.1.5
300 silly placeDep ROOT @rolldown/binding-linux-x64-musl@1.1.5 OK for: rolldown@1.1.5 want: 1.1.5
301 silly placeDep ROOT @rolldown/binding-openharmony-arm64@1.1.5 OK for: rolldown@1.1.5 want: 1.1.5
302 silly placeDep ROOT @rolldown/binding-wasm32-wasi@1.1.5 OK for: rolldown@1.1.5 want: 1.1.5
303 silly placeDep ROOT @rolldown/binding-win32-arm64-msvc@1.1.5 OK for: rolldown@1.1.5 want: 1.1.5
304 silly placeDep ROOT @rolldown/binding-win32-x64-msvc@1.1.5 OK for: rolldown@1.1.5 want: 1.1.5
305 silly placeDep ROOT @rolldown/pluginutils@1.0.1 OK for: rolldown@1.1.5 want: ^1.0.0
306 silly fetch manifest @emnapi/core@1.11.1
307 silly packumentCache full:https://registry.npmjs.org/@emnapi%2fcore cache-miss
308 silly fetch manifest @napi-rs/wasm-runtime@^1.1.6
309 silly packumentCache full:https://registry.npmjs.org/@napi-rs%2fwasm-runtime cache-miss
310 http fetch GET 200 https://registry.npmjs.org/@napi-rs%2fwasm-runtime 238ms (cache miss)
311 silly packumentCache full:https://registry.npmjs.org/@napi-rs%2fwasm-runtime set size:undefined disposed:false
312 http fetch GET 200 https://registry.npmjs.org/@emnapi%2fcore 330ms (cache miss)
313 silly packumentCache full:https://registry.npmjs.org/@emnapi%2fcore set size:undefined disposed:false
314 silly placeDep node_modules/@rolldown/binding-wasm32-wasi @emnapi/core@1.11.1 OK for: @rolldown/binding-wasm32-wasi@1.1.5 want: 1.11.1
315 silly placeDep ROOT @napi-rs/wasm-runtime@1.1.6 REPLACE for: @rolldown/binding-wasm32-wasi@1.1.5 want: ^1.1.6
316 silly fetch manifest @emnapi/wasi-threads@1.2.2
317 silly packumentCache full:https://registry.npmjs.org/@emnapi%2fwasi-threads cache-miss
318 silly fetch manifest @tybys/wasm-util@^0.10.3
319 silly packumentCache full:https://registry.npmjs.org/@tybys%2fwasm-util cache-miss
320 http fetch GET 200 https://registry.npmjs.org/@emnapi%2fwasi-threads 231ms (cache miss)
321 silly packumentCache full:https://registry.npmjs.org/@emnapi%2fwasi-threads set size:undefined disposed:false
322 http fetch GET 200 https://registry.npmjs.org/@tybys%2fwasm-util 234ms (cache miss)
323 silly packumentCache full:https://registry.npmjs.org/@tybys%2fwasm-util set size:undefined disposed:false
324 silly placeDep ROOT @tybys/wasm-util@0.10.3 REPLACE for: @napi-rs/wasm-runtime@1.1.6 want: ^0.10.3
325 silly placeDep ROOT siginfo@2.0.0 OK for: why-is-node-running@2.3.0 want: ^2.0.0
326 silly placeDep ROOT stackback@0.0.2 OK for: why-is-node-running@2.3.0 want: 0.0.2
327 silly placeDep node_modules/@rolldown/binding-wasm32-wasi @emnapi/wasi-threads@1.2.2 OK for: @emnapi/core@1.11.1 want: 1.2.2
328 silly placeDep node_modules/vite lightningcss-android-arm64@1.32.0 OK for: lightningcss@1.32.0 want: 1.32.0
329 silly placeDep node_modules/vite lightningcss-darwin-arm64@1.32.0 OK for: lightningcss@1.32.0 want: 1.32.0
330 silly placeDep node_modules/vite lightningcss-darwin-x64@1.32.0 OK for: lightningcss@1.32.0 want: 1.32.0
331 silly placeDep node_modules/vite lightningcss-freebsd-x64@1.32.0 OK for: lightningcss@1.32.0 want: 1.32.0
332 silly placeDep node_modules/vite lightningcss-linux-arm-gnueabihf@1.32.0 OK for: lightningcss@1.32.0 want: 1.32.0
333 silly placeDep node_modules/vite lightningcss-linux-arm64-gnu@1.32.0 OK for: lightningcss@1.32.0 want: 1.32.0
334 silly placeDep node_modules/vite lightningcss-linux-arm64-musl@1.32.0 OK for: lightningcss@1.32.0 want: 1.32.0
335 silly placeDep node_modules/vite lightningcss-linux-x64-gnu@1.32.0 OK for: lightningcss@1.32.0 want: 1.32.0
336 silly placeDep node_modules/vite lightningcss-linux-x64-musl@1.32.0 OK for: lightningcss@1.32.0 want: 1.32.0
337 silly placeDep node_modules/vite lightningcss-win32-arm64-msvc@1.32.0 OK for: lightningcss@1.32.0 want: 1.32.0
338 silly placeDep node_modules/vite lightningcss-win32-x64-msvc@1.32.0 OK for: lightningcss@1.32.0 want: 1.32.0
339 silly reify mark retired [
339 silly reify   'C:\\Users\\HP\\Documents\\Cursor projects\\Commersial\\Bizon\\node_modules\\@napi-rs\\wasm-runtime'
339 silly reify ]
340 silly reify mark retired [
340 silly reify   'C:\\Users\\HP\\Documents\\Cursor projects\\Commersial\\Bizon\\node_modules\\@tybys\\wasm-util'
340 silly reify ]
341 silly reify mark retired [
341 silly reify   'C:\\Users\\HP\\Documents\\Cursor projects\\Commersial\\Bizon\\node_modules\\nanoid',
341 silly reify   'C:\\Users\\HP\\Documents\\Cursor projects\\Commersial\\Bizon\\node_modules\\.bin\\nanoid',
341 silly reify   'C:\\Users\\HP\\Documents\\Cursor projects\\Commersial\\Bizon\\node_modules\\.bin\\nanoid.cmd',
341 silly reify   'C:\\Users\\HP\\Documents\\Cursor projects\\Commersial\\Bizon\\node_modules\\.bin\\nanoid.ps1'
341 silly reify ]
342 silly reify mark retired [
342 silly reify   'C:\\Users\\HP\\Documents\\Cursor projects\\Commersial\\Bizon\\node_modules\\picomatch'
342 silly reify ]
343 silly reify mark retired [
343 silly reify   'C:\\Users\\HP\\Documents\\Cursor projects\\Commersial\\Bizon\\node_modules\\postcss'
343 silly reify ]
344 silly reify mark retired [
344 silly reify   'C:\\Users\\HP\\Documents\\Cursor projects\\Commersial\\Bizon\\node_modules\\tinyglobby'
344 silly reify ]
345 silly reify moves {
345 silly reify   'C:\\Users\\HP\\Documents\\Cursor projects\\Commersial\\Bizon\\node_modules\\@napi-rs\\wasm-runtime': 'C:\\Users\\HP\\Documents\\Cursor projects\\Commersial\\Bizon\\node_modules\\@napi-rs\\.wasm-runtime-0C1Zznij',
345 silly reify   'C:\\Users\\HP\\Documents\\Cursor projects\\Commersial\\Bizon\\node_modules\\@tybys\\wasm-util': 'C:\\Users\\HP\\Documents\\Cursor projects\\Commersial\\Bizon\\node_modules\\@tybys\\.wasm-util-qIUGNDLP',
345 silly reify   'C:\\Users\\HP\\Documents\\Cursor projects\\Commersial\\Bizon\\node_modules\\nanoid': 'C:\\Users\\HP\\Documents\\Cursor projects\\Commersial\\Bizon\\node_modules\\.nanoid-TRdtdEz2',
345 silly reify   'C:\\Users\\HP\\Documents\\Cursor projects\\Commersial\\Bizon\\node_modules\\.bin\\nanoid': 'C:\\Users\\HP\\Documents\\Cursor projects\\Commersial\\Bizon\\node_modules\\.bin\\.nanoid-dbOxYDLx',
345 silly reify   'C:\\Users\\HP\\Documents\\Cursor projects\\Commersial\\Bizon\\node_modules\\.bin\\nanoid.cmd': 'C:\\Users\\HP\\Documents\\Cursor projects\\Commersial\\Bizon\\node_modules\\.bin\\.nanoid.cmd-hsufhC9d',
345 silly reify   'C:\\Users\\HP\\Documents\\Cursor projects\\Commersial\\Bizon\\node_modules\\.bin\\nanoid.ps1': 'C:\\Users\\HP\\Documents\\Cursor projects\\Commersial\\Bizon\\node_modules\\.bin\\.nanoid.ps1-StcaOb4D',
345 silly reify   'C:\\Users\\HP\\Documents\\Cursor projects\\Commersial\\Bizon\\node_modules\\picomatch': 'C:\\Users\\HP\\Documents\\Cursor projects\\Commersial\\Bizon\\node_modules\\.picomatch-3POm9puj',
345 silly reify   'C:\\Users\\HP\\Documents\\Cursor projects\\Commersial\\Bizon\\node_modules\\postcss': 'C:\\Users\\HP\\Documents\\Cursor projects\\Commersial\\Bizon\\node_modules\\.postcss-KVMbcZqQ',
345 silly reify   'C:\\Users\\HP\\Documents\\Cursor projects\\Commersial\\Bizon\\node_modules\\tinyglobby': 'C:\\Users\\HP\\Documents\\Cursor projects\\Commersial\\Bizon\\node_modules\\.tinyglobby-77mxCM1U'
345 silly reify }
346 silly audit bulk request {
346 silly audit   '@alloc/quick-lru': [ '5.2.0' ],
346 silly audit   '@apidevtools/json-schema-ref-parser': [ '11.9.3' ],
346 silly audit   '@aws-crypto/crc32': [ '5.2.0' ],
346 silly audit   '@aws-crypto/crc32c': [ '5.2.0' ],
346 silly audit   '@aws-crypto/sha1-browser': [ '5.2.0' ],
346 silly audit   '@aws-crypto/sha256-browser': [ '5.2.0' ],
346 silly audit   '@aws-crypto/sha256-js': [ '5.2.0' ],
346 silly audit   '@aws-crypto/supports-web-crypto': [ '5.2.0' ],
346 silly audit   '@aws-crypto/util': [ '5.2.0' ],
346 silly audit   '@aws-sdk/checksums': [ '3.1000.6' ],
346 silly audit   '@aws-sdk/client-s3': [ '3.1069.0' ],
346 silly audit   '@aws-sdk/core': [ '3.974.21' ],
346 silly audit   '@aws-sdk/credential-provider-env': [ '3.972.47' ],
346 silly audit   '@aws-sdk/credential-provider-http': [ '3.972.49' ],
346 silly audit   '@aws-sdk/credential-provider-ini': [ '3.972.54' ],
346 silly audit   '@aws-sdk/credential-provider-login': [ '3.972.53' ],
346 silly audit   '@aws-sdk/credential-provider-node': [ '3.972.56' ],
346 silly audit   '@aws-sdk/credential-provider-process': [ '3.972.47' ],
346 silly audit   '@aws-sdk/credential-provider-sso': [ '3.972.53' ],
346 silly audit   '@aws-sdk/credential-provider-web-identity': [ '3.972.53' ],
346 silly audit   '@aws-sdk/lib-storage': [ '3.1069.0' ],
346 silly audit   '@aws-sdk/middleware-flexible-checksums': [ '3.974.31' ],
346 silly audit   '@aws-sdk/middleware-sdk-s3': [ '3.972.52' ],
346 silly audit   '@aws-sdk/nested-clients': [ '3.997.21' ],
346 silly audit   '@aws-sdk/s3-request-presigner': [ '3.1069.0' ],
346 silly audit   '@aws-sdk/signature-v4-multi-region': [ '3.996.35' ],
346 silly audit   '@aws-sdk/token-providers': [ '3.1069.0' ],
346 silly audit   '@aws-sdk/types': [ '3.973.13' ],
346 silly audit   '@aws-sdk/util-locate-window': [ '3.965.8' ],
346 silly audit   '@aws-sdk/xml-builder': [ '3.972.30' ],
346 silly audit   '@aws/lambda-invoke-store': [ '0.2.4' ],
346 silly audit   '@babel/code-frame': [ '7.28.6' ],
346 silly audit   '@babel/generator': [ '7.28.6' ],
346 silly audit   '@babel/helper-globals': [ '7.28.0' ],
346 silly audit   '@babel/helper-module-imports': [ '7.28.6' ],
346 silly audit   '@babel/helper-string-parser': [ '7.27.1' ],
346 silly audit   '@babel/helper-validator-identifier': [ '7.28.5' ],
346 silly audit   '@babel/parser': [ '7.28.6' ],
346 silly audit   '@babel/runtime': [ '7.29.7' ],
346 silly audit   '@babel/template': [ '7.28.6' ],
346 silly audit   '@babel/traverse': [ '7.28.6' ],
346 silly audit   '@babel/types': [ '7.28.6' ],
346 silly audit   '@borewit/text-codec': [ '0.2.2' ],
346 silly audit   '@date-fns/tz': [ '1.2.0' ],
346 silly audit   '@dnd-kit/accessibility': [ '3.1.1' ],
346 silly audit   '@dnd-kit/core': [ '6.3.1' ],
346 silly audit   '@dnd-kit/modifiers': [ '9.0.0' ],
346 silly audit   '@dnd-kit/sortable': [ '10.0.0' ],
346 silly audit   '@dnd-kit/utilities': [ '3.2.2' ],
346 silly audit   '@drizzle-team/brocli': [ '0.10.2' ],
346 silly audit   '@emnapi/core': [ '1.10.0', '1.11.1' ],
346 silly audit   '@emnapi/runtime': [ '1.11.1', '1.10.0' ],
346 silly audit   '@emnapi/wasi-threads': [ '1.2.1', '1.2.2' ],
346 silly audit   '@emotion/babel-plugin': [ '11.13.5' ],
346 silly audit   'convert-source-map': [ '1.9.0', '2.0.0' ],
346 silly audit   'source-map': [ '0.5.7', '0.6.1' ],
346 silly audit   '@emotion/cache': [ '11.14.0' ],
346 silly audit   '@emotion/hash': [ '0.9.2' ],
346 silly audit   '@emotion/memoize': [ '0.9.0' ],
346 silly audit   '@emotion/react': [ '11.14.0' ],
346 silly audit   '@emotion/serialize': [ '1.3.3' ],
346 silly audit   '@emotion/sheet': [ '1.4.0' ],
346 silly audit   '@emotion/unitless': [ '0.10.0' ],
346 silly audit   '@emotion/use-insertion-effect-with-fallbacks': [ '1.2.0' ],
346 silly audit   '@emotion/utils': [ '1.4.2' ],
346 silly audit   '@emotion/weak-memoize': [ '0.4.0' ],
346 silly audit   '@epic-web/invariant': [ '1.0.0' ],
346 silly audit   '@esbuild-kit/core-utils': [ '3.3.2' ],
346 silly audit   '@esbuild/android-arm': [ '0.18.20', '0.25.12', '0.27.7' ],
346 silly audit   '@esbuild/android-arm64': [ '0.18.20', '0.25.12', '0.27.7' ],
346 silly audit   '@esbuild/android-x64': [ '0.18.20', '0.25.12', '0.27.7' ],
346 silly audit   '@esbuild/darwin-arm64': [ '0.18.20', '0.25.12', '0.27.7' ],
346 silly audit   '@esbuild/darwin-x64': [ '0.18.20', '0.25.12', '0.27.7' ],
346 silly audit   '@esbuild/freebsd-arm64': [ '0.18.20', '0.25.12', '0.27.7' ],
346 silly audit   '@esbuild/freebsd-x64': [ '0.18.20', '0.25.12', '0.27.7' ],
346 silly audit   '@esbuild/linux-arm': [ '0.18.20', '0.25.12', '0.27.7' ],
346 silly audit   '@esbuild/linux-arm64': [ '0.18.20', '0.25.12', '0.27.7' ],
346 silly audit   '@esbuild/linux-ia32': [ '0.18.20', '0.25.12', '0.27.7' ],
346 silly audit   '@esbuild/linux-loong64': [ '0.18.20', '0.25.12', '0.27.7' ],
346 silly audit   '@esbuild/linux-mips64el': [ '0.18.20', '0.25.12', '0.27.7' ],
346 silly audit   '@esbuild/linux-ppc64': [ '0.18.20', '0.25.12', '0.27.7' ],
346 silly audit   '@esbuild/linux-riscv64': [ '0.18.20', '0.25.12', '0.27.7' ],
346 silly audit   '@esbuild/linux-s390x': [ '0.18.20', '0.25.12', '0.27.7' ],
346 silly audit   '@esbuild/linux-x64': [ '0.18.20', '0.25.12', '0.27.7' ],
346 silly audit   '@esbuild/netbsd-x64': [ '0.18.20', '0.25.12', '0.27.7' ],
346 silly audit   '@esbuild/openbsd-x64': [ '0.18.20', '0.25.12', '0.27.7' ],
346 silly audit   '@esbuild/sunos-x64': [ '0.18.20', '0.25.12', '0.27.7' ],
346 silly audit   '@esbuild/win32-arm64': [ '0.18.20', '0.25.12', '0.27.7' ],
346 silly audit   '@esbuild/win32-ia32': [ '0.18.20', '0.25.12', '0.27.7' ],
346 silly audit   '@esbuild/win32-x64': [ '0.18.20', '0.25.12', '0.27.7' ],
346 silly audit   esbuild: [ '0.18.20', '0.25.12', '0.27.7' ],
346 silly audit   '@esbuild-kit/esm-loader': [ '2.6.5' ],
346 silly audit   '@esbuild/aix-ppc64': [ '0.25.12', '0.27.7' ],
346 silly audit   '@esbuild/netbsd-arm64': [ '0.25.12', '0.27.7' ],
346 silly audit   '@esbuild/openbsd-arm64': [ '0.25.12', '0.27.7' ],
346 silly audit   '@esbuild/openharmony-arm64': [ '0.25.12', '0.27.7' ],
346 silly audit   '@eslint-community/eslint-utils': [ '4.9.1' ],
346 silly audit   'eslint-visitor-keys': [ '3.4.3', '5.0.1', '4.2.1' ],
346 silly audit   '@eslint-community/regexpp': [ '4.12.2' ],
346 silly audit   '@eslint/config-array': [ '0.21.2' ],
346 silly audit   'balanced-match': [ '1.0.2', '4.0.4' ],
346 silly audit   'brace-expansion': [ '1.1.15', '5.0.4' ],
346 silly audit   minimatch: [ '3.1.5', '10.2.4' ],
346 silly audit   '@eslint/config-helpers': [ '0.4.2' ],
346 silly audit   '@eslint/core': [ '0.17.0' ],
346 silly audit   '@eslint/eslintrc': [ '3.3.5' ],
346 silly audit   ajv: [ '6.15.0', '8.18.0' ],
346 silly audit   'json-schema-traverse': [ '0.4.1', '1.0.0' ],
346 silly audit   '@eslint/js': [ '9.39.4' ],
346 silly audit   '@eslint/object-schema': [ '2.1.7' ],
346 silly audit   '@eslint/plugin-kit': [ '0.4.1' ],
346 silly audit   '@faceless-ui/modal': [ '3.0.0' ],
346 silly audit   '@faceless-ui/scroll-info': [ '2.0.0' ],
346 silly audit   '@faceless-ui/window-info': [ '3.0.1' ],
346 silly audit   '@floating-ui/core': [ '1.7.5' ],
346 silly audit   '@floating-ui/dom': [ '1.7.6' ],
346 silly audit   '@floating-ui/react': [ '0.27.19' ],
346 silly audit   '@floating-ui/react-dom': [ '2.1.8' ],
346 silly audit   '@floating-ui/utils': [ '0.2.11' ],
346 silly audit   '@humanfs/core': [ '0.19.2' ],
346 silly audit   '@humanfs/node': [ '0.16.8' ],
346 silly audit   '@humanfs/types': [ '0.15.0' ],
346 silly audit   '@humanwhocodes/module-importer': [ '1.0.1' ],
346 silly audit   '@humanwhocodes/retry': [ '0.4.3' ],
346 silly audit   '@img/colour': [ '1.1.0' ],
346 silly audit   '@img/sharp-darwin-arm64': [ '0.34.5' ],
346 silly audit   '@img/sharp-darwin-x64': [ '0.34.5' ],
346 silly audit   '@img/sharp-libvips-darwin-arm64': [ '1.2.4' ],
346 silly audit   '@img/sharp-libvips-darwin-x64': [ '1.2.4' ],
346 silly audit   '@img/sharp-libvips-linux-arm': [ '1.2.4' ],
346 silly audit   '@img/sharp-libvips-linux-arm64': [ '1.2.4' ],
346 silly audit   '@img/sharp-libvips-linux-ppc64': [ '1.2.4' ],
346 silly audit   '@img/sharp-libvips-linux-riscv64': [ '1.2.4' ],
346 silly audit   '@img/sharp-libvips-linux-s390x': [ '1.2.4' ],
346 silly audit   '@img/sharp-libvips-linux-x64': [ '1.2.4' ],
346 silly audit   '@img/sharp-libvips-linuxmusl-arm64': [ '1.2.4' ],
346 silly audit   '@img/sharp-libvips-linuxmusl-x64': [ '1.2.4' ],
346 silly audit   '@img/sharp-linux-arm': [ '0.34.5' ],
346 silly audit   '@img/sharp-linux-arm64': [ '0.34.5' ],
346 silly audit   '@img/sharp-linux-ppc64': [ '0.34.5' ],
346 silly audit   '@img/sharp-linux-riscv64': [ '0.34.5' ],
346 silly audit   '@img/sharp-linux-s390x': [ '0.34.5' ],
346 silly audit   '@img/sharp-linux-x64': [ '0.34.5' ],
346 silly audit   '@img/sharp-linuxmusl-arm64': [ '0.34.5' ],
346 silly audit   '@img/sharp-linuxmusl-x64': [ '0.34.5' ],
346 silly audit   '@img/sharp-wasm32': [ '0.34.5' ],
346 silly audit   '@img/sharp-win32-arm64': [ '0.34.5' ],
346 silly audit   '@img/sharp-win32-ia32': [ '0.34.5' ],
346 silly audit   '@img/sharp-win32-x64': [ '0.34.5' ],
346 silly audit   '@jridgewell/gen-mapping': [ '0.3.13' ],
346 silly audit   '@jridgewell/remapping': [ '2.3.5' ],
346 silly audit   '@jridgewell/resolve-uri': [ '3.1.2' ],
346 silly audit   '@jridgewell/sourcemap-codec': [ '1.5.5' ],
346 silly audit   '@jridgewell/trace-mapping': [ '0.3.31' ],
346 silly audit   '@jsdevtools/ono': [ '7.1.3' ],
346 silly audit   '@lexical/clipboard': [ '0.41.0' ],
346 silly audit   '@lexical/code': [ '0.41.0' ],
346 silly audit   '@lexical/devtools-core': [ '0.41.0' ],
346 silly audit   '@lexical/dragon': [ '0.41.0' ],
346 silly audit   '@lexical/extension': [ '0.41.0' ],
346 silly audit   '@lexical/hashtag': [ '0.41.0' ],
346 silly audit   '@lexical/headless': [ '0.41.0' ],
346 silly audit   '@lexical/history': [ '0.41.0' ],
346 silly audit   '@lexical/html': [ '0.41.0' ],
346 silly audit   '@lexical/link': [ '0.41.0' ],
346 silly audit   '@lexical/list': [ '0.41.0' ],
346 silly audit   '@lexical/mark': [ '0.41.0' ],
346 silly audit   '@lexical/markdown': [ '0.41.0' ],
346 silly audit   '@lexical/offset': [ '0.41.0' ],
346 silly audit   '@lexical/overflow': [ '0.41.0' ],
346 silly audit   '@lexical/plain-text': [ '0.41.0' ],
346 silly audit   '@lexical/react': [ '0.41.0' ],
346 silly audit   'react-error-boundary': [ '6.1.2', '4.1.2' ],
346 silly audit   '@lexical/rich-text': [ '0.41.0' ],
346 silly audit   '@lexical/selection': [ '0.41.0' ],
346 silly audit   '@lexical/table': [ '0.41.0' ],
346 silly audit   '@lexical/text': [ '0.41.0' ],
346 silly audit   '@lexical/utils': [ '0.41.0' ],
346 silly audit   '@lexical/yjs': [ '0.41.0' ],
346 silly audit   '@monaco-editor/loader': [ '1.7.0' ],
346 silly audit   '@monaco-editor/react': [ '4.7.0' ],
346 silly audit   '@next/env': [ '15.5.19', '15.4.11' ],
346 silly audit   '@next/eslint-plugin-next': [ '15.4.11' ],
346 silly audit   'fast-glob': [ '3.3.1' ],
346 silly audit   '@next/swc-darwin-arm64': [ '15.4.8' ],
346 silly audit   '@next/swc-darwin-x64': [ '15.4.8' ],
346 silly audit   '@next/swc-linux-arm64-gnu': [ '15.4.8' ],
346 silly audit   '@next/swc-linux-arm64-musl': [ '15.4.8' ],
346 silly audit   '@next/swc-linux-x64-gnu': [ '15.4.8' ],
346 silly audit   '@next/swc-linux-x64-musl': [ '15.4.8' ],
346 silly audit   '@next/swc-win32-arm64-msvc': [ '15.4.8' ],
346 silly audit   '@next/swc-win32-x64-msvc': [ '15.4.8' ],
346 silly audit   '@nodable/entities': [ '2.2.0' ],
346 silly audit   '@nodelib/fs.scandir': [ '2.1.5' ],
346 silly audit   '@nodelib/fs.stat': [ '2.0.5' ],
346 silly audit   '@nodelib/fs.walk': [ '1.2.8' ],
346 silly audit   '@nolyfill/is-core-module': [ '1.0.39' ],
346 silly audit   '@payloadcms/db-postgres': [ '3.82.1' ],
346 silly audit   '@payloadcms/drizzle': [ '3.82.1' ],
346 silly audit   uuid: [ '9.0.0', '10.0.0' ],
346 silly audit   '@payloadcms/graphql': [ '3.82.1' ],
346 silly audit   '@payloadcms/next': [ '3.82.1' ],
346 silly audit   '@payloadcms/plugin-cloud-storage': [ '3.82.1' ],
346 silly audit   '@payloadcms/richtext-lexical': [ '3.82.1' ],
346 silly audit   acorn: [ '8.16.0', '8.17.0' ],
346 silly audit   csstype: [ '3.1.3', '3.2.3' ],
346 silly audit   '@payloadcms/storage-s3': [ '3.82.1' ],
346 silly audit   '@payloadcms/translations': [ '3.82.1' ],
346 silly audit   '@payloadcms/ui': [ '3.82.1' ],
346 silly audit   scheduler: [ '0.25.0', '0.27.0' ],
346 silly audit   '@pinojs/redact': [ '0.4.0' ],
346 silly audit   '@playwright/test': [ '1.51.1' ],
346 silly audit   '@preact/signals-core': [ '1.14.2' ],
346 silly audit   '@rtsao/scc': [ '1.1.0' ],
346 silly audit   '@rushstack/eslint-patch': [ '1.16.1' ],
346 silly audit   '@smithy/core': [ '3.25.0' ],
346 silly audit   '@smithy/credential-provider-imds': [ '4.4.0' ],
346 silly audit   '@smithy/fetch-http-handler': [ '5.5.0' ],
346 silly audit   '@smithy/is-array-buffer': [ '2.2.0' ],
346 silly audit   '@smithy/node-http-handler': [ '4.8.0' ],
346 silly audit   '@smithy/signature-v4': [ '5.5.0' ],
346 silly audit   '@smithy/types': [ '4.15.0' ],
346 silly audit   '@smithy/util-buffer-from': [ '2.2.0' ],
346 silly audit   '@smithy/util-utf8': [ '2.3.0' ],
346 silly audit   '@swc/helpers': [ '0.5.15' ],
346 silly audit   '@tailwindcss/node': [ '4.1.18' ],
346 silly audit   '@tailwindcss/oxide': [ '4.1.18' ],
346 silly audit   '@tailwindcss/oxide-android-arm64': [ '4.1.18' ],
346 silly audit   '@tailwindcss/oxide-darwin-arm64': [ '4.1.18' ],
346 silly audit   '@tailwindcss/oxide-darwin-x64': [ '4.1.18' ],
346 silly audit   '@tailwindcss/oxide-freebsd-x64': [ '4.1.18' ],
346 silly audit   '@tailwindcss/oxide-linux-arm-gnueabihf': [ '4.1.18' ],
346 silly audit   '@tailwindcss/oxide-linux-arm64-gnu': [ '4.1.18' ],
346 silly audit   '@tailwindcss/oxide-linux-arm64-musl': [ '4.1.18' ],
346 silly audit   '@tailwindcss/oxide-linux-x64-gnu': [ '4.1.18' ],
346 silly audit   '@tailwindcss/oxide-linux-x64-musl': [ '4.1.18' ],
346 silly audit   '@tailwindcss/oxide-wasm32-wasi': [ '4.1.18' ],
346 silly audit   '@tailwindcss/oxide-win32-arm64-msvc': [ '4.1.18' ],
346 silly audit   '@tailwindcss/oxide-win32-x64-msvc': [ '4.1.18' ],
346 silly audit   '@tailwindcss/postcss': [ '4.1.18' ],
346 silly audit   '@tokenizer/inflate': [ '0.4.1' ],
346 silly audit   '@tokenizer/token': [ '0.3.0' ],
346 silly audit   '@types/acorn': [ '4.0.6' ],
346 silly audit   '@types/busboy': [ '1.5.4' ],
346 silly audit   '@types/debug': [ '4.1.13' ],
346 silly audit   '@types/estree': [ '1.0.8' ],
346 silly audit   '@types/estree-jsx': [ '1.0.5' ],
346 silly audit   '@types/hast': [ '3.0.4' ],
346 silly audit   '@types/json-schema': [ '7.0.15' ],
346 silly audit   '@types/json5': [ '0.0.29' ],
346 silly audit   '@types/lodash': [ '4.17.24' ],
346 silly audit   '@types/mdast': [ '4.0.4' ],
346 silly audit   '@types/ms': [ '2.1.0' ],
346 silly audit   '@types/node': [ '20.17.6' ],
346 silly audit   '@types/parse-json': [ '4.0.2' ],
346 silly audit   '@types/pg': [ '8.10.2' ],
346 silly audit   '@types/react': [ '19.2.17' ],
346 silly audit   '@types/react-transition-group': [ '4.4.12' ],
346 silly audit   '@types/unist': [ '3.0.3', '2.0.11' ],
346 silly audit   '@types/uuid': [ '10.0.0' ],
346 silly audit   '@types/whatwg-mimetype': [ '3.0.2' ],
346 silly audit   '@types/ws': [ '8.18.1' ],
346 silly audit   '@typescript-eslint/eslint-plugin': [ '8.61.1' ],
346 silly audit   ignore: [ '7.0.5', '5.3.2' ],
346 silly audit   '@typescript-eslint/parser': [ '8.61.1' ],
346 silly audit   '@typescript-eslint/project-service': [ '8.61.1' ],
346 silly audit   '@typescript-eslint/scope-manager': [ '8.61.1' ],
346 silly audit   '@typescript-eslint/tsconfig-utils': [ '8.61.1' ],
346 silly audit   '@typescript-eslint/type-utils': [ '8.61.1' ],
346 silly audit   '@typescript-eslint/types': [ '8.61.1' ],
346 silly audit   '@typescript-eslint/typescript-estree': [ '8.61.1' ],
346 silly audit   semver: [ '7.8.4', '6.3.1' ],
346 silly audit   '@typescript-eslint/utils': [ '8.61.1' ],
346 silly audit   '@typescript-eslint/visitor-keys': [ '8.61.1' ],
346 silly audit   '@unrs/resolver-binding-android-arm-eabi': [ '1.12.2' ],
346 silly audit   '@unrs/resolver-binding-android-arm64': [ '1.12.2' ],
346 silly audit   '@unrs/resolver-binding-darwin-arm64': [ '1.12.2' ],
346 silly audit   '@unrs/resolver-binding-darwin-x64': [ '1.12.2' ],
346 silly audit   '@unrs/resolver-binding-freebsd-x64': [ '1.12.2' ],
346 silly audit   '@unrs/resolver-binding-linux-arm-gnueabihf': [ '1.12.2' ],
346 silly audit   '@unrs/resolver-binding-linux-arm-musleabihf': [ '1.12.2' ],
346 silly audit   '@unrs/resolver-binding-linux-arm64-gnu': [ '1.12.2' ],
346 silly audit   '@unrs/resolver-binding-linux-arm64-musl': [ '1.12.2' ],
346 silly audit   '@unrs/resolver-binding-linux-loong64-gnu': [ '1.12.2' ],
346 silly audit   '@unrs/resolver-binding-linux-loong64-musl': [ '1.12.2' ],
346 silly audit   '@unrs/resolver-binding-linux-ppc64-gnu': [ '1.12.2' ],
346 silly audit   '@unrs/resolver-binding-linux-riscv64-gnu': [ '1.12.2' ],
346 silly audit   '@unrs/resolver-binding-linux-riscv64-musl': [ '1.12.2' ],
346 silly audit   '@unrs/resolver-binding-linux-s390x-gnu': [ '1.12.2' ],
346 silly audit   '@unrs/resolver-binding-linux-x64-gnu': [ '1.12.2' ],
346 silly audit   '@unrs/resolver-binding-linux-x64-musl': [ '1.12.2' ],
346 silly audit   '@unrs/resolver-binding-openharmony-arm64': [ '1.12.2' ],
346 silly audit   '@unrs/resolver-binding-wasm32-wasi': [ '1.12.2' ],
346 silly audit   '@unrs/resolver-binding-win32-arm64-msvc': [ '1.12.2' ],
346 silly audit   '@unrs/resolver-binding-win32-ia32-msvc': [ '1.12.2' ],
346 silly audit   '@unrs/resolver-binding-win32-x64-msvc': [ '1.12.2' ],
346 silly audit   'acorn-jsx': [ '5.3.2' ],
346 silly audit   'ansi-styles': [ '4.3.0' ],
346 silly audit   anymatch: [ '3.1.3' ],
346 silly audit   picomatch: [ '2.3.2', '2.3.1', '4.0.5' ],
346 silly audit   anynum: [ '1.0.0' ],
346 silly audit   argparse: [ '2.0.1' ],
346 silly audit   'aria-query': [ '5.3.2' ],
346 silly audit   'array-buffer-byte-length': [ '1.0.2' ],
346 silly audit   'array-includes': [ '3.1.9' ],
346 silly audit   'array.prototype.findlast': [ '1.2.5' ],
346 silly audit   'array.prototype.findlastindex': [ '1.2.6' ],
346 silly audit   'array.prototype.flat': [ '1.3.3' ],
346 silly audit   'array.prototype.flatmap': [ '1.3.3' ],
346 silly audit   'array.prototype.tosorted': [ '1.1.4' ],
346 silly audit   'arraybuffer.prototype.slice': [ '1.0.4' ],
346 silly audit   'ast-types-flow': [ '0.0.8' ],
346 silly audit   'async-function': [ '1.0.0' ],
346 silly audit   'atomic-sleep': [ '1.0.0' ],
346 silly audit   autoprefixer: [ '10.4.23' ],
346 silly audit   'available-typed-arrays': [ '1.0.7' ],
346 silly audit   'axe-core': [ '4.12.1' ],
346 silly audit   'axobject-query': [ '4.1.0' ],
346 silly audit   'babel-plugin-macros': [ '3.1.0' ],
346 silly audit   cosmiconfig: [ '7.1.0' ],
346 silly audit   resolve: [ '1.22.12', '2.0.0-next.7' ],
346 silly audit   'base64-js': [ '1.5.1' ],
346 silly audit   'baseline-browser-mapping': [ '2.9.16' ],
346 silly audit   'binary-extensions': [ '2.3.0' ],
346 silly audit   'body-scroll-lock': [ '4.0.0-beta.0' ],
346 silly audit   bowser: [ '2.14.1' ],
346 silly audit   braces: [ '3.0.3' ],
346 silly audit   browserslist: [ '4.28.1' ],
346 silly audit   'bson-objectid': [ '2.0.4' ],
346 silly audit   buffer: [ '5.6.0' ],
346 silly audit   'buffer-from': [ '1.1.2' ],
346 silly audit   'buffer-image-size': [ '0.6.4' ],
346 silly audit   busboy: [ '1.6.0' ],
346 silly audit   'call-bind': [ '1.0.9' ],
346 silly audit   'call-bind-apply-helpers': [ '1.0.2' ],
346 silly audit   'call-bound': [ '1.0.4' ],
346 silly audit   callsites: [ '3.1.0' ],
346 silly audit   'caniuse-lite': [ '1.0.30001765' ],
346 silly audit   ccount: [ '2.0.1' ],
346 silly audit   'character-entities': [ '2.0.2' ],
346 silly audit   'character-entities-html4': [ '2.1.0' ],
346 silly audit   'character-entities-legacy': [ '3.0.0' ],
346 silly audit   'character-reference-invalid': [ '2.0.1' ],
346 silly audit   charenc: [ '0.0.2' ],
346 silly audit   chokidar: [ '3.6.0' ],
346 silly audit   'ci-info': [ '4.4.0' ],
346 silly audit   'client-only': [ '0.0.1' ],
346 silly audit   clsx: [ '2.1.1' ],
346 silly audit   'color-convert': [ '2.0.1' ],
346 silly audit   'color-name': [ '1.1.4' ],
346 silly audit   colorette: [ '2.0.20' ],
346 silly audit   'concat-map': [ '0.0.1' ],
346 silly audit   'console-table-printer': [ '2.12.1' ],
346 silly audit   croner: [ '9.1.0' ],
346 silly audit   'cross-env': [ '10.1.0' ],
346 silly audit   'cross-spawn': [ '7.0.6' ],
346 silly audit   isexe: [ '2.0.0' ],
346 silly audit   which: [ '2.0.2', '1.3.1' ],
346 silly audit   crypt: [ '0.0.2' ],
346 silly audit   cssfilter: [ '0.0.10' ],
346 silly audit   'damerau-levenshtein': [ '1.0.8' ],
346 silly audit   'data-view-buffer': [ '1.0.2' ],
346 silly audit   'data-view-byte-length': [ '1.0.2' ],
346 silly audit   'data-view-byte-offset': [ '1.0.1' ],
346 silly audit   dataloader: [ '2.2.3' ],
346 silly audit   'date-fns': [ '4.1.0', '3.6.0' ],
346 silly audit   dateformat: [ '4.6.3' ],
346 silly audit   debug: [ '4.4.3', '3.2.7' ],
346 silly audit   'decode-named-character-reference': [ '1.3.0' ],
346 silly audit   'deep-is': [ '0.1.4' ],
346 silly audit   deepmerge: [ '4.3.1' ],
346 silly audit   'define-data-property': [ '1.1.4' ],
346 silly audit   'define-properties': [ '1.2.1' ],
346 silly audit   dequal: [ '2.0.3' ],
346 silly audit   'detect-file': [ '1.0.0' ],
346 silly audit   'detect-libc': [ '2.1.2' ],
346 silly audit   devlop: [ '1.1.0' ],
346 silly audit   doctrine: [ '2.1.0' ],
346 silly audit   'dom-helpers': [ '5.2.1' ],
346 silly audit   'drizzle-kit': [ '0.31.7' ],
346 silly audit   'drizzle-orm': [ '0.44.7' ],
346 silly audit   'dunder-proto': [ '1.0.1' ],
346 silly audit   'electron-to-chromium': [ '1.5.267' ],
346 silly audit   'end-of-stream': [ '1.4.5' ],
346 silly audit   'enhanced-resolve': [ '5.18.4' ],
346 silly audit   entities: [ '7.0.1' ],
346 silly audit   'error-ex': [ '1.3.4' ],
346 silly audit   'es-abstract': [ '1.24.2' ],
346 silly audit   'es-abstract-get': [ '1.0.0' ],
346 silly audit   'es-define-property': [ '1.0.1' ],
346 silly audit   'es-errors': [ '1.3.0' ],
346 silly audit   'es-iterator-helpers': [ '1.3.3' ],
346 silly audit   'es-object-atoms': [ '1.1.2' ],
346 silly audit   'es-set-tostringtag': [ '2.1.0' ],
346 silly audit   'es-shim-unscopables': [ '1.1.0' ],
346 silly audit   'es-to-primitive': [ '1.3.1' ],
346 silly audit   'esbuild-register': [ '3.6.0' ],
346 silly audit   escalade: [ '3.2.0' ],
346 silly audit   'escape-html': [ '1.0.3' ],
346 silly audit   'escape-string-regexp': [ '4.0.0' ],
346 silly audit   eslint: [ '9.39.4' ],
346 silly audit   'eslint-config-next': [ '15.4.11' ],
346 silly audit   'eslint-import-resolver-node': [ '0.3.10' ],
346 silly audit   'eslint-import-resolver-typescript': [ '3.10.1' ],
346 silly audit   'eslint-module-utils': [ '2.13.0' ],
346 silly audit   'eslint-plugin-import': [ '2.32.0' ],
346 silly audit   json5: [ '1.0.2' ],
346 silly audit   'tsconfig-paths': [ '3.15.0' ],
346 silly audit   'eslint-plugin-jsx-a11y': [ '6.10.2' ],
346 silly audit   'emoji-regex': [ '9.2.2' ],
346 silly audit   'eslint-plugin-react': [ '7.37.5' ],
346 silly audit   'eslint-plugin-react-hooks': [ '5.2.0' ],
346 silly audit   'eslint-scope': [ '8.4.0' ],
346 silly audit   chalk: [ '4.1.2' ],
346 silly audit   'glob-parent': [ '6.0.2', '5.1.2' ],
346 silly audit   espree: [ '10.4.0' ],
346 silly audit   esquery: [ '1.7.0' ],
346 silly audit   esrecurse: [ '4.3.0' ],
346 silly audit   estraverse: [ '5.3.0' ],
346 silly audit   'estree-util-is-identifier-name': [ '3.0.0' ],
346 silly audit   'estree-util-visit': [ '2.0.0' ],
346 silly audit   esutils: [ '2.0.3' ],
346 silly audit   events: [ '3.3.0' ],
346 silly audit   'expand-tilde': [ '2.0.2' ],
346 silly audit   'fast-copy': [ '3.0.2' ],
346 silly audit   'fast-deep-equal': [ '3.1.3' ],
346 silly audit   'fast-json-stable-stringify': [ '2.1.0' ],
346 silly audit   'fast-levenshtein': [ '2.0.6' ],
346 silly audit   'fast-safe-stringify': [ '2.1.1' ],
346 silly audit   'fast-uri': [ '3.1.0' ],
346 silly audit   'fast-xml-builder': [ '1.2.0' ],
346 silly audit   'fast-xml-parser': [ '5.7.3' ],
346 silly audit   fastq: [ '1.20.1' ],
346 silly audit   fdir: [ '6.5.0' ],
346 silly audit   'file-entry-cache': [ '8.0.0' ],
346 silly audit   'file-type': [ '21.3.4' ],
346 silly audit   'fill-range': [ '7.1.1' ],
346 silly audit   'find-node-modules': [ '2.1.3' ],
346 silly audit   'find-root': [ '1.1.0' ],
346 silly audit   'find-up': [ '5.0.0' ],
346 silly audit   'findup-sync': [ '4.0.0' ],
346 silly audit   'flat-cache': [ '4.0.1' ],
346 silly audit   flatted: [ '3.4.2' ],
346 silly audit   'focus-trap': [ '7.5.4' ],
346 silly audit   'for-each': [ '0.3.5' ],
346 silly audit   'fraction.js': [ '5.3.4' ],
346 silly audit   fsevents: [ '2.3.3', '2.3.2' ],
346 silly audit   'function-bind': [ '1.1.2' ],
346 silly audit   'function.prototype.name': [ '1.2.0' ],
346 silly audit   'functions-have-names': [ '1.2.3' ],
346 silly audit   'generator-function': [ '2.0.1' ],
346 silly audit   'get-intrinsic': [ '1.3.0' ],
346 silly audit   'get-proto': [ '1.0.1' ],
346 silly audit   'get-symbol-description': [ '1.1.0' ],
346 silly audit   'get-tsconfig': [ '4.14.0', '4.8.1' ],
346 silly audit   'global-modules': [ '1.0.0' ],
346 silly audit   'global-prefix': [ '1.0.2' ],
346 silly audit   globals: [ '14.0.0' ],
346 silly audit   globalthis: [ '1.0.4' ],
346 silly audit   gopd: [ '1.2.0' ],
346 silly audit   'graceful-fs': [ '4.2.11' ],
346 silly audit   graphql: [ '16.12.0' ],
346 silly audit   'graphql-http': [ '1.22.4' ],
346 silly audit   'graphql-playground-html': [ '1.6.30' ],
346 silly audit   'graphql-scalars': [ '1.22.2' ],
346 silly audit   'happy-dom': [ '20.10.4' ],
346 silly audit   'has-bigints': [ '1.1.0' ],
346 silly audit   'has-flag': [ '4.0.0' ],
346 silly audit   'has-property-descriptors': [ '1.0.2' ],
346 silly audit   'has-proto': [ '1.2.0' ],
346 silly audit   'has-symbols': [ '1.1.0' ],
346 silly audit   'has-tostringtag': [ '1.0.2' ],
346 silly audit   hasown: [ '2.0.4' ],
346 silly audit   'help-me': [ '5.0.0' ],
346 silly audit   'hoist-non-react-statics': [ '3.3.2' ],
346 silly audit   'homedir-polyfill': [ '1.0.3' ],
346 silly audit   'http-status': [ '2.1.0' ],
346 silly audit   ieee754: [ '1.2.1' ],
346 silly audit   'image-size': [ '2.0.2' ],
346 silly audit   immutable: [ '4.3.8' ],
346 silly audit   'import-fresh': [ '3.3.1' ],
346 silly audit   imurmurhash: [ '0.1.4' ],
346 silly audit   inherits: [ '2.0.4' ],
346 silly audit   ini: [ '1.3.8' ],
346 silly audit   'internal-slot': [ '1.1.0' ],
346 silly audit   'is-alphabetical': [ '2.0.1' ],
346 silly audit   'is-alphanumerical': [ '2.0.1' ],
346 silly audit   'is-array-buffer': [ '3.0.5' ],
346 silly audit   'is-arrayish': [ '0.2.1' ],
346 silly audit   'is-async-function': [ '2.1.1' ],
346 silly audit   'is-bigint': [ '1.1.0' ],
346 silly audit   'is-binary-path': [ '2.1.0' ],
346 silly audit   'is-boolean-object': [ '1.2.2' ],
346 silly audit   'is-buffer': [ '1.1.6' ],
346 silly audit   'is-bun-module': [ '2.0.0' ],
346 silly audit   'is-callable': [ '1.2.7' ],
346 silly audit   'is-core-module': [ '2.16.2' ],
346 silly audit   'is-data-view': [ '1.0.2' ],
346 silly audit   'is-date-object': [ '1.1.0' ],
346 silly audit   'is-decimal': [ '2.0.1' ],
346 silly audit   'is-document.all': [ '1.0.0' ],
346 silly audit   'is-extglob': [ '2.1.1' ],
346 silly audit   'is-finalizationregistry': [ '1.1.1' ],
346 silly audit   'is-generator-function': [ '1.1.2' ],
346 silly audit   'is-glob': [ '4.0.3' ],
346 silly audit   'is-hexadecimal': [ '2.0.1' ],
346 silly audit   'is-map': [ '2.0.3' ],
346 silly audit   'is-negative-zero': [ '2.0.3' ],
346 silly audit   'is-number': [ '7.0.0' ],
346 silly audit   'is-number-object': [ '1.1.1' ],
346 silly audit   'is-regex': [ '1.2.1' ],
346 silly audit   'is-set': [ '2.0.3' ],
346 silly audit   'is-shared-array-buffer': [ '1.0.4' ],
346 silly audit   'is-string': [ '1.1.1' ],
346 silly audit   'is-symbol': [ '1.1.1' ],
346 silly audit   'is-typed-array': [ '1.1.15' ],
346 silly audit   'is-weakmap': [ '2.0.2' ],
346 silly audit   'is-weakref': [ '1.1.1' ],
346 silly audit   'is-weakset': [ '2.0.4' ],
346 silly audit   'is-windows': [ '1.0.2' ],
346 silly audit   isarray: [ '2.0.5' ],
346 silly audit   'iterator.prototype': [ '1.1.5' ],
346 silly audit   jiti: [ '2.6.1' ],
346 silly audit   joycon: [ '3.1.1' ],
346 silly audit   'js-tokens': [ '4.0.0' ],
346 silly audit   'js-yaml': [ '4.1.1' ],
346 silly audit   jsesc: [ '3.1.0' ],
346 silly audit   'json-buffer': [ '3.0.1' ],
346 silly audit   'json-parse-even-better-errors': [ '2.3.1' ],
346 silly audit   'json-schema-to-typescript': [ '15.0.3' ],
346 silly audit   'json-stable-stringify-without-jsonify': [ '1.0.1' ],
346 silly audit   jsox: [ '1.2.121' ],
346 silly audit   'jsx-ast-utils': [ '3.3.5' ],
346 silly audit   keyv: [ '4.5.4' ],
346 silly audit   'language-subtag-registry': [ '0.3.23' ],
346 silly audit   'language-tags': [ '1.0.9' ],
346 silly audit   levn: [ '0.4.1' ],
346 silly audit   lexical: [ '0.41.0' ],
346 silly audit   lightningcss: [ '1.30.2', '1.32.0' ],
346 silly audit   'lightningcss-android-arm64': [ '1.30.2', '1.32.0' ],
346 silly audit   'lightningcss-darwin-arm64': [ '1.30.2', '1.32.0' ],
346 silly audit   'lightningcss-darwin-x64': [ '1.30.2', '1.32.0' ],
346 silly audit   'lightningcss-freebsd-x64': [ '1.30.2', '1.32.0' ],
346 silly audit   'lightningcss-linux-arm-gnueabihf': [ '1.30.2', '1.32.0' ],
346 silly audit   'lightningcss-linux-arm64-gnu': [ '1.30.2', '1.32.0' ],
346 silly audit   'lightningcss-linux-arm64-musl': [ '1.30.2', '1.32.0' ],
346 silly audit   'lightningcss-linux-x64-gnu': [ '1.30.2', '1.32.0' ],
346 silly audit   'lightningcss-linux-x64-musl': [ '1.30.2', '1.32.0' ],
346 silly audit   'lightningcss-win32-arm64-msvc': [ '1.30.2', '1.32.0' ],
346 silly audit   'lightningcss-win32-x64-msvc': [ '1.30.2', '1.32.0' ],
346 silly audit   'lines-and-columns': [ '1.2.4' ],
346 silly audit   'locate-path': [ '6.0.0' ],
346 silly audit   lodash: [ '4.18.1' ],
346 silly audit   'lodash.merge': [ '4.6.2' ],
346 silly audit   'longest-streak': [ '3.1.0' ],
346 silly audit   'loose-envify': [ '1.4.0' ],
346 silly audit   'lucide-react': [ '0.562.0' ],
346 silly audit   'magic-string': [ '0.30.21' ],
346 silly audit   'math-intrinsics': [ '1.1.0' ],
346 silly audit   md5: [ '2.3.0' ],
346 silly audit   'mdast-util-from-markdown': [ '2.0.2' ],
346 silly audit   'mdast-util-mdx-jsx': [ '3.1.3' ],
346 silly audit   'mdast-util-phrasing': [ '4.1.0' ],
346 silly audit   'mdast-util-to-markdown': [ '2.1.2' ],
346 silly audit   'mdast-util-to-string': [ '4.0.0' ],
346 silly audit   'memoize-one': [ '6.0.0' ],
346 silly audit   merge: [ '2.1.1' ],
346 silly audit   merge2: [ '1.4.1' ],
346 silly audit   micromark: [ '4.0.2' ],
346 silly audit   'micromark-core-commonmark': [ '2.0.3' ],
346 silly audit   'micromark-extension-mdx-jsx': [ '3.0.1' ],
346 silly audit   'micromark-factory-destination': [ '2.0.1' ],
346 silly audit   'micromark-factory-label': [ '2.0.1' ],
346 silly audit   'micromark-factory-mdx-expression': [ '2.0.3' ],
346 silly audit   'micromark-factory-space': [ '2.0.1' ],
346 silly audit   'micromark-factory-title': [ '2.0.1' ],
346 silly audit   'micromark-factory-whitespace': [ '2.0.1' ],
346 silly audit   'micromark-util-character': [ '2.1.1' ],
346 silly audit   'micromark-util-chunked': [ '2.0.1' ],
346 silly audit   'micromark-util-classify-character': [ '2.0.1' ],
346 silly audit   'micromark-util-combine-extensions': [ '2.0.1' ],
346 silly audit   'micromark-util-decode-numeric-character-reference': [ '2.0.2' ],
346 silly audit   'micromark-util-decode-string': [ '2.0.1' ],
346 silly audit   'micromark-util-encode': [ '2.0.1' ],
346 silly audit   'micromark-util-events-to-acorn': [ '2.0.3' ],
346 silly audit   'micromark-util-html-tag-name': [ '2.0.1' ],
346 silly audit   'micromark-util-normalize-identifier': [ '2.0.1' ],
346 silly audit   'micromark-util-resolve-all': [ '2.0.1' ],
346 silly audit   'micromark-util-sanitize-uri': [ '2.0.1' ],
346 silly audit   'micromark-util-subtokenize': [ '2.1.0' ],
346 silly audit   'micromark-util-symbol': [ '2.0.1' ],
346 silly audit   'micromark-util-types': [ '2.0.2' ],
346 silly audit   micromatch: [ '4.0.8' ],
346 silly audit   minimist: [ '1.2.8' ],
346 silly audit   ms: [ '2.1.3' ],
346 silly audit   'napi-postinstall': [ '0.3.4' ],
346 silly audit   'natural-compare': [ '1.4.0' ],
346 silly audit   next: [ '15.4.11' ],
346 silly audit   postcss: [ '8.4.31', '8.5.20' ],
346 silly audit   'node-exports-info': [ '1.6.0' ],
346 silly audit   'node-releases': [ '2.0.27' ],
346 silly audit   'normalize-path': [ '3.0.0' ],
346 silly audit   'object-assign': [ '4.1.1' ],
346 silly audit   'object-inspect': [ '1.13.4' ],
346 silly audit   'object-keys': [ '1.1.1' ],
346 silly audit   'object-to-formdata': [ '4.5.1' ],
346 silly audit   'object.assign': [ '4.1.7' ],
346 silly audit   'object.entries': [ '1.1.9' ],
346 silly audit   'object.fromentries': [ '2.0.8' ],
346 silly audit   'object.groupby': [ '1.0.3' ],
346 silly audit   'object.values': [ '1.2.1' ],
346 silly audit   obuf: [ '1.1.2' ],
346 silly audit   'on-exit-leak-free': [ '2.1.2' ],
346 silly audit   once: [ '1.4.0' ],
346 silly audit   optionator: [ '0.9.4' ],
346 silly audit   'own-keys': [ '1.0.1' ],
346 silly audit   'p-limit': [ '3.1.0' ],
346 silly audit   'p-locate': [ '5.0.0' ],
346 silly audit   'parent-module': [ '1.0.1' ],
346 silly audit   'parse-entities': [ '4.0.2' ],
346 silly audit   'parse-json': [ '5.2.0' ],
346 silly audit   'parse-passwd': [ '1.0.0' ],
346 silly audit   'path-exists': [ '4.0.0' ],
346 silly audit   'path-expression-matcher': [ '1.5.0' ],
346 silly audit   'path-key': [ '3.1.1' ],
346 silly audit   'path-parse': [ '1.0.7' ],
346 silly audit   'path-to-regexp': [ '6.3.0' ],
346 silly audit   'path-type': [ '4.0.0' ],
346 silly audit   payload: [ '3.82.1' ],
346 silly audit   'ipaddr.js': [ '2.2.0' ],
346 silly audit   jose: [ '5.10.0' ],
346 silly audit   pg: [ '8.16.3' ],
346 silly audit   'pg-cloudflare': [ '1.4.0' ],
346 silly audit   'pg-connection-string': [ '2.13.0' ],
346 silly audit   'pg-int8': [ '1.0.1' ],
346 silly audit   'pg-numeric': [ '1.0.2' ],
346 silly audit   'pg-pool': [ '3.14.0' ],
346 silly audit   'pg-protocol': [ '1.14.0' ],
346 silly audit   'pg-types': [ '4.1.0', '2.2.0' ],
346 silly audit   'postgres-array': [ '2.0.0', '3.0.4' ],
346 silly audit   'postgres-bytea': [ '1.0.1', '3.0.0' ],
346 silly audit   'postgres-date': [ '1.0.7', '2.1.0' ],
346 silly audit   'postgres-interval': [ '1.2.0', '3.0.0' ],
346 silly audit   pgpass: [ '1.0.5' ],
346 silly audit   picocolors: [ '1.1.1' ],
346 silly audit   pino: [ '9.14.0' ],
346 silly audit   'pino-abstract-transport': [ '2.0.0' ],
346 silly audit   'pino-pretty': [ '13.1.2' ],
346 silly audit   'strip-json-comments': [ '5.0.3', '3.1.1' ],
346 silly audit   'pino-std-serializers': [ '7.1.0' ],
346 silly audit   playwright: [ '1.51.1' ],
346 silly audit   'playwright-core': [ '1.51.1' ],
346 silly audit   pluralize: [ '8.0.0' ],
346 silly audit   'possible-typed-array-names': [ '1.1.0' ],
346 silly audit   'postcss-value-parser': [ '4.2.0' ],
346 silly audit   'postgres-range': [ '1.1.4' ],
346 silly audit   'prelude-ls': [ '1.2.1' ],
346 silly audit   prettier: [ '3.8.4' ],
346 silly audit   prismjs: [ '1.30.0' ],
346 silly audit   'process-warning': [ '5.0.0' ],
346 silly audit   prompts: [ '2.4.2' ],
346 silly audit   kleur: [ '3.0.3' ],
346 silly audit   'prop-types': [ '15.8.1' ],
346 silly audit   pump: [ '3.0.4' ],
346 silly audit   punycode: [ '2.3.1' ],
346 silly audit   'qs-esm': [ '8.0.1' ],
346 silly audit   'queue-microtask': [ '1.2.3' ],
346 silly audit   'quick-format-unescaped': [ '4.0.4' ],
346 silly audit   'range-parser': [ '1.2.1' ],
346 silly audit   react: [ '19.2.3' ],
346 silly audit   'react-datepicker': [ '7.6.0' ],
346 silly audit   'react-dom': [ '19.2.3' ],
346 silly audit   'react-image-crop': [ '10.1.8' ],
346 silly audit   'react-is': [ '16.13.1' ],
346 silly audit   'react-select': [ '5.9.0' ],
346 silly audit   'react-transition-group': [ '4.4.5' ],
346 silly audit   'readable-stream': [ '3.6.2' ],
346 silly audit   readdirp: [ '3.6.0' ],
346 silly audit   'real-require': [ '0.2.0' ],
346 silly audit   'reflect.getprototypeof': [ '1.0.10' ],
346 silly audit   'regexp.prototype.flags': [ '1.5.4' ],
346 silly audit   'require-from-string': [ '2.0.2' ],
346 silly audit   'resolve-dir': [ '1.0.1' ],
346 silly audit   'resolve-from': [ '4.0.0' ],
346 silly audit   'resolve-pkg-maps': [ '1.0.0' ],
346 silly audit   reusify: [ '1.1.0' ],
346 silly audit   'run-parallel': [ '1.2.0' ],
346 silly audit   'safe-array-concat': [ '1.1.4' ],
346 silly audit   'safe-buffer': [ '5.2.1' ],
346 silly audit   'safe-push-apply': [ '1.0.0' ],
346 silly audit   'safe-regex-test': [ '1.1.0' ],
346 silly audit   'safe-stable-stringify': [ '2.5.0' ],
346 silly audit   'sanitize-filename': [ '1.6.3' ],
346 silly audit   sass: [ '1.77.4' ],
346 silly audit   'secure-json-parse': [ '4.1.0' ],
346 silly audit   'set-function-length': [ '1.2.2' ],
346 silly audit   'set-function-name': [ '2.0.2' ],
346 silly audit   'set-proto': [ '1.0.0' ],
346 silly audit   sharp: [ '0.34.5' ],
346 silly audit   'shebang-command': [ '2.0.0' ],
346 silly audit   'shebang-regex': [ '3.0.0' ],
346 silly audit   'side-channel': [ '1.1.0' ],
346 silly audit   'side-channel-list': [ '1.0.0' ],
346 silly audit   'side-channel-map': [ '1.0.1' ],
346 silly audit   'side-channel-weakmap': [ '1.0.2' ],
346 silly audit   'simple-wcswidth': [ '1.1.2' ],
346 silly audit   sisteransi: [ '1.0.5' ],
346 silly audit   'sonic-boom': [ '4.2.1' ],
346 silly audit   sonner: [ '1.7.4' ],
346 silly audit   'source-map-js': [ '1.2.1' ],
346 silly audit   'source-map-support': [ '0.5.21' ],
346 silly audit   split2: [ '4.2.0' ],
346 silly audit   'stable-hash': [ '0.0.5' ],
346 silly audit   'state-local': [ '1.0.7' ],
346 silly audit   'stop-iteration-iterator': [ '1.1.0' ],
346 silly audit   'stream-browserify': [ '3.0.0' ],
346 silly audit   streamsearch: [ '1.1.0' ],
346 silly audit   string_decoder: [ '1.3.0' ],
346 silly audit   'string.prototype.includes': [ '2.0.1' ],
346 silly audit   'string.prototype.matchall': [ '4.0.12' ],
346 silly audit   'string.prototype.repeat': [ '1.0.0' ],
346 silly audit   'string.prototype.trim': [ '1.2.11' ],
346 silly audit   'string.prototype.trimend': [ '1.0.10' ],
346 silly audit   'string.prototype.trimstart': [ '1.0.8' ],
346 silly audit   'stringify-entities': [ '4.0.4' ],
346 silly audit   'strip-bom': [ '3.0.0' ],
346 silly audit   strnum: [ '2.4.0' ],
346 silly audit   strtok3: [ '10.3.5' ],
346 silly audit   'styled-jsx': [ '5.1.6' ],
346 silly audit   stylis: [ '4.2.0' ],
346 silly audit   'supports-color': [ '7.2.0' ],
346 silly audit   'supports-preserve-symlinks-flag': [ '1.0.0' ],
346 silly audit   tabbable: [ '6.4.0' ],
346 silly audit   tailwindcss: [ '4.1.18' ],
346 silly audit   tapable: [ '2.3.0' ],
346 silly audit   'thread-stream': [ '3.2.0' ],
346 silly audit   'to-no-case': [ '1.0.2' ],
346 silly audit   'to-regex-range': [ '5.0.1' ],
346 silly audit   'to-snake-case': [ '1.0.0' ],
346 silly audit   'to-space-case': [ '1.0.0' ],
346 silly audit   'token-types': [ '6.1.2' ],
346 silly audit   'truncate-utf8-bytes': [ '1.0.2' ],
346 silly audit   'ts-api-utils': [ '2.5.0' ],
346 silly audit   'ts-essentials': [ '10.0.3' ],
346 silly audit   tslib: [ '2.8.1' ],
346 silly audit   tsx: [ '4.21.0' ],
346 silly audit   'type-check': [ '0.4.0' ],
346 silly audit   'typed-array-buffer': [ '1.0.3' ],
346 silly audit   'typed-array-byte-length': [ '1.0.3' ],
346 silly audit   'typed-array-byte-offset': [ '1.0.4' ],
346 silly audit   'typed-array-length': [ '1.0.8' ],
346 silly audit   typescript: [ '5.8.2' ],
346 silly audit   'uint8array-extras': [ '1.5.0' ],
346 silly audit   'unbox-primitive': [ '1.1.0' ],
346 silly audit   undici: [ '7.24.4' ],
346 silly audit   'undici-types': [ '6.19.8' ],
346 silly audit   'unist-util-is': [ '6.0.1' ],
346 silly audit   'unist-util-position-from-estree': [ '2.0.0' ],
346 silly audit   'unist-util-stringify-position': [ '4.0.0' ],
346 silly audit   'unist-util-visit': [ '5.1.0' ],
346 silly audit   'unist-util-visit-parents': [ '6.0.2' ],
346 silly audit   'unrs-resolver': [ '1.12.2' ],
346 silly audit   'update-browserslist-db': [ '1.2.3' ],
346 silly audit   'uri-js': [ '4.4.1' ],
346 silly audit   'use-context-selector': [ '2.0.0' ],
346 silly audit   'use-isomorphic-layout-effect': [ '1.2.1' ],
346 silly audit   'utf8-byte-length': [ '1.0.5' ],
346 silly audit   'util-deprecate': [ '1.0.2' ],
346 silly audit   'vfile-message': [ '4.0.3' ],
346 silly audit   'whatwg-mimetype': [ '3.0.0' ],
346 silly audit   'which-boxed-primitive': [ '1.1.1' ],
346 silly audit   'which-builtin-type': [ '1.2.1' ],
346 silly audit   'which-collection': [ '1.0.2' ],
346 silly audit   'which-typed-array': [ '1.1.22' ],
346 silly audit   'word-wrap': [ '1.2.5' ],
346 silly audit   wrappy: [ '1.0.2' ],
346 silly audit   ws: [ '8.21.0' ],
346 silly audit   'xml-naming': [ '0.1.0' ],
346 silly audit   xss: [ '1.0.15' ],
346 silly audit   commander: [ '2.20.3' ],
346 silly audit   xtend: [ '4.0.2' ],
346 silly audit   yaml: [ '1.10.3' ],
346 silly audit   'yocto-queue': [ '0.1.0' ],
346 silly audit   zwitch: [ '2.0.4' ],
346 silly audit   vitest: [ '4.1.10' ],
346 silly audit   '@vitest/expect': [ '4.1.10' ],
346 silly audit   '@vitest/mocker': [ '4.1.10' ],
346 silly audit   '@vitest/pretty-format': [ '4.1.10' ],
346 silly audit   '@vitest/runner': [ '4.1.10' ],
346 silly audit   '@vitest/snapshot': [ '4.1.10' ],
346 silly audit   '@vitest/spy': [ '4.1.10' ],
346 silly audit   '@vitest/utils': [ '4.1.10' ],
346 silly audit   'es-module-lexer': [ '2.3.1' ],
346 silly audit   'expect-type': [ '1.4.0' ],
346 silly audit   obug: [ '2.1.4' ],
346 silly audit   pathe: [ '2.0.3' ],
346 silly audit   'std-env': [ '4.2.0' ],
346 silly audit   tinybench: [ '2.9.0' ],
346 silly audit   tinyexec: [ '1.2.4' ],
346 silly audit   tinyrainbow: [ '3.1.0' ],
346 silly audit   vite: [ '8.1.5' ],
346 silly audit   'why-is-node-running': [ '2.3.0' ],
346 silly audit   '@standard-schema/spec': [ '1.1.0' ],
346 silly audit   '@types/chai': [ '5.2.3' ],
346 silly audit   chai: [ '6.2.2' ],
346 silly audit   '@types/deep-eql': [ '4.0.2' ],
346 silly audit   'assertion-error': [ '2.0.1' ],
346 silly audit   'estree-walker': [ '3.0.3' ],
346 silly audit   rolldown: [ '1.1.5' ],
346 silly audit   tinyglobby: [ '0.2.17' ],
346 silly audit   nanoid: [ '3.3.16' ],
346 silly audit   '@oxc-project/types': [ '0.139.0' ],
346 silly audit   '@rolldown/binding-android-arm64': [ '1.1.5' ],
346 silly audit   '@rolldown/binding-darwin-arm64': [ '1.1.5' ],
346 silly audit   '@rolldown/binding-darwin-x64': [ '1.1.5' ],
346 silly audit   '@rolldown/binding-freebsd-x64': [ '1.1.5' ],
346 silly audit   '@rolldown/binding-linux-arm-gnueabihf': [ '1.1.5' ],
346 silly audit   '@rolldown/binding-linux-arm64-gnu': [ '1.1.5' ],
346 silly audit   '@rolldown/binding-linux-arm64-musl': [ '1.1.5' ],
346 silly audit   '@rolldown/binding-linux-ppc64-gnu': [ '1.1.5' ],
346 silly audit   '@rolldown/binding-linux-s390x-gnu': [ '1.1.5' ],
346 silly audit   '@rolldown/binding-linux-x64-gnu': [ '1.1.5' ],
346 silly audit   '@rolldown/binding-linux-x64-musl': [ '1.1.5' ],
346 silly audit   '@rolldown/binding-openharmony-arm64': [ '1.1.5' ],
346 silly audit   '@rolldown/binding-wasm32-wasi': [ '1.1.5' ],
346 silly audit   '@rolldown/binding-win32-arm64-msvc': [ '1.1.5' ],
346 silly audit   '@rolldown/binding-win32-x64-msvc': [ '1.1.5' ],
346 silly audit   '@rolldown/pluginutils': [ '1.0.1' ],
346 silly audit   '@napi-rs/wasm-runtime': [ '1.1.6' ],
346 silly audit   '@tybys/wasm-util': [ '0.10.3' ],
346 silly audit   siginfo: [ '2.0.0' ],
346 silly audit   stackback: [ '0.0.2' ]
346 silly audit }
347 http cache siginfo@https://registry.npmjs.org/siginfo/-/siginfo-2.0.0.tgz 0ms (cache hit)
348 http cache stackback@https://registry.npmjs.org/stackback/-/stackback-0.0.2.tgz 0ms (cache hit)
349 http cache @rolldown/pluginutils@https://registry.npmjs.org/@rolldown/pluginutils/-/pluginutils-1.0.1.tgz 0ms (cache hit)
350 http cache convert-source-map@https://registry.npmjs.org/convert-source-map/-/convert-source-map-2.0.0.tgz 0ms (cache hit)
351 http cache @rolldown/binding-win32-x64-msvc@https://registry.npmjs.org/@rolldown/binding-win32-x64-msvc/-/binding-win32-x64-msvc-1.1.5.tgz 0ms (cache hit)
352 http cache @oxc-project/types@https://registry.npmjs.org/@oxc-project/types/-/types-0.139.0.tgz 0ms (cache hit)
353 http cache rolldown@https://registry.npmjs.org/rolldown/-/rolldown-1.1.5.tgz 0ms (cache hit)
354 http cache assertion-error@https://registry.npmjs.org/assertion-error/-/assertion-error-2.0.1.tgz 0ms (cache hit)
355 http cache @types/chai@https://registry.npmjs.org/@types/chai/-/chai-5.2.3.tgz 0ms (cache hit)
356 http cache estree-walker@https://registry.npmjs.org/estree-walker/-/estree-walker-3.0.3.tgz 0ms (cache hit)
357 http cache @types/deep-eql@https://registry.npmjs.org/@types/deep-eql/-/deep-eql-4.0.2.tgz 0ms (cache hit)
358 http cache @standard-schema/spec@https://registry.npmjs.org/@standard-schema/spec/-/spec-1.1.0.tgz 0ms (cache hit)
359 http cache tinyrainbow@https://registry.npmjs.org/tinyrainbow/-/tinyrainbow-3.1.0.tgz 1ms (cache hit)
360 http cache why-is-node-running@https://registry.npmjs.org/why-is-node-running/-/why-is-node-running-2.3.0.tgz 0ms (cache hit)
361 http cache chai@https://registry.npmjs.org/chai/-/chai-6.2.2.tgz 0ms (cache hit)
362 http cache tinyexec@https://registry.npmjs.org/tinyexec/-/tinyexec-1.2.4.tgz 0ms (cache hit)
363 http cache vite@https://registry.npmjs.org/vite/-/vite-8.1.5.tgz 0ms (cache hit)
364 http cache pathe@https://registry.npmjs.org/pathe/-/pathe-2.0.3.tgz 0ms (cache hit)
365 http cache tinybench@https://registry.npmjs.org/tinybench/-/tinybench-2.9.0.tgz 0ms (cache hit)
366 http cache std-env@https://registry.npmjs.org/std-env/-/std-env-4.2.0.tgz 0ms (cache hit)
367 http cache es-module-lexer@https://registry.npmjs.org/es-module-lexer/-/es-module-lexer-2.3.1.tgz 0ms (cache hit)
368 http cache obug@https://registry.npmjs.org/obug/-/obug-2.1.4.tgz 0ms (cache hit)
369 http cache @vitest/spy@https://registry.npmjs.org/@vitest/spy/-/spy-4.1.10.tgz 0ms (cache hit)
370 http cache expect-type@https://registry.npmjs.org/expect-type/-/expect-type-1.4.0.tgz 0ms (cache hit)
371 http cache @vitest/pretty-format@https://registry.npmjs.org/@vitest/pretty-format/-/pretty-format-4.1.10.tgz 0ms (cache hit)
372 http cache @vitest/utils@https://registry.npmjs.org/@vitest/utils/-/utils-4.1.10.tgz 0ms (cache hit)
373 http cache @vitest/snapshot@https://registry.npmjs.org/@vitest/snapshot/-/snapshot-4.1.10.tgz 0ms (cache hit)
374 http cache @vitest/mocker@https://registry.npmjs.org/@vitest/mocker/-/mocker-4.1.10.tgz 0ms (cache hit)
375 http cache vitest@https://registry.npmjs.org/vitest/-/vitest-4.1.10.tgz 0ms (cache hit)
376 http cache @vitest/runner@https://registry.npmjs.org/@vitest/runner/-/runner-4.1.10.tgz 0ms (cache hit)
377 http cache tinyglobby@https://registry.npmjs.org/tinyglobby/-/tinyglobby-0.2.17.tgz 0ms (cache hit)
378 http cache @tybys/wasm-util@https://registry.npmjs.org/@tybys/wasm-util/-/wasm-util-0.10.3.tgz 0ms (cache hit)
379 http cache @vitest/expect@https://registry.npmjs.org/@vitest/expect/-/expect-4.1.10.tgz 0ms (cache hit)
380 http cache postcss@https://registry.npmjs.org/postcss/-/postcss-8.5.20.tgz 0ms (cache hit)
381 http cache @napi-rs/wasm-runtime@https://registry.npmjs.org/@napi-rs/wasm-runtime/-/wasm-runtime-1.1.6.tgz 0ms (cache hit)
382 http cache picomatch@https://registry.npmjs.org/picomatch/-/picomatch-4.0.5.tgz 0ms (cache hit)
383 http cache lightningcss-win32-x64-msvc@https://registry.npmjs.org/lightningcss-win32-x64-msvc/-/lightningcss-win32-x64-msvc-1.32.0.tgz 0ms (cache hit)
384 http cache nanoid@https://registry.npmjs.org/nanoid/-/nanoid-3.3.16.tgz 0ms (cache hit)
385 silly tarball no local data for siginfo@https://registry.npmjs.org/siginfo/-/siginfo-2.0.0.tgz. Extracting by manifest.
386 silly tarball no local data for stackback@https://registry.npmjs.org/stackback/-/stackback-0.0.2.tgz. Extracting by manifest.
387 silly tarball no local data for @rolldown/pluginutils@https://registry.npmjs.org/@rolldown/pluginutils/-/pluginutils-1.0.1.tgz. Extracting by manifest.
388 http cache lightningcss@https://registry.npmjs.org/lightningcss/-/lightningcss-1.32.0.tgz 0ms (cache hit)
389 silly tarball no local data for convert-source-map@https://registry.npmjs.org/convert-source-map/-/convert-source-map-2.0.0.tgz. Extracting by manifest.
390 silly tarball no local data for @rolldown/binding-win32-x64-msvc@https://registry.npmjs.org/@rolldown/binding-win32-x64-msvc/-/binding-win32-x64-msvc-1.1.5.tgz. Extracting by manifest.
391 silly tarball no local data for @oxc-project/types@https://registry.npmjs.org/@oxc-project/types/-/types-0.139.0.tgz. Extracting by manifest.
392 silly tarball no local data for rolldown@https://registry.npmjs.org/rolldown/-/rolldown-1.1.5.tgz. Extracting by manifest.
393 silly tarball no local data for assertion-error@https://registry.npmjs.org/assertion-error/-/assertion-error-2.0.1.tgz. Extracting by manifest.
394 silly tarball no local data for @types/chai@https://registry.npmjs.org/@types/chai/-/chai-5.2.3.tgz. Extracting by manifest.
395 silly tarball no local data for estree-walker@https://registry.npmjs.org/estree-walker/-/estree-walker-3.0.3.tgz. Extracting by manifest.
396 silly tarball no local data for @types/deep-eql@https://registry.npmjs.org/@types/deep-eql/-/deep-eql-4.0.2.tgz. Extracting by manifest.
397 silly tarball no local data for @standard-schema/spec@https://registry.npmjs.org/@standard-schema/spec/-/spec-1.1.0.tgz. Extracting by manifest.
398 silly tarball no local data for tinyrainbow@https://registry.npmjs.org/tinyrainbow/-/tinyrainbow-3.1.0.tgz. Extracting by manifest.
399 silly tarball no local data for why-is-node-running@https://registry.npmjs.org/why-is-node-running/-/why-is-node-running-2.3.0.tgz. Extracting by manifest.
400 silly tarball no local data for chai@https://registry.npmjs.org/chai/-/chai-6.2.2.tgz. Extracting by manifest.
401 silly tarball no local data for tinyexec@https://registry.npmjs.org/tinyexec/-/tinyexec-1.2.4.tgz. Extracting by manifest.
402 silly tarball no local data for vite@https://registry.npmjs.org/vite/-/vite-8.1.5.tgz. Extracting by manifest.
403 silly tarball no local data for pathe@https://registry.npmjs.org/pathe/-/pathe-2.0.3.tgz. Extracting by manifest.
404 silly tarball no local data for tinybench@https://registry.npmjs.org/tinybench/-/tinybench-2.9.0.tgz. Extracting by manifest.
405 silly tarball no local data for std-env@https://registry.npmjs.org/std-env/-/std-env-4.2.0.tgz. Extracting by manifest.
406 silly tarball no local data for es-module-lexer@https://registry.npmjs.org/es-module-lexer/-/es-module-lexer-2.3.1.tgz. Extracting by manifest.
407 silly tarball no local data for obug@https://registry.npmjs.org/obug/-/obug-2.1.4.tgz. Extracting by manifest.
408 silly tarball no local data for @vitest/spy@https://registry.npmjs.org/@vitest/spy/-/spy-4.1.10.tgz. Extracting by manifest.
409 silly tarball no local data for expect-type@https://registry.npmjs.org/expect-type/-/expect-type-1.4.0.tgz. Extracting by manifest.
410 silly tarball no local data for @vitest/pretty-format@https://registry.npmjs.org/@vitest/pretty-format/-/pretty-format-4.1.10.tgz. Extracting by manifest.
411 silly tarball no local data for @vitest/utils@https://registry.npmjs.org/@vitest/utils/-/utils-4.1.10.tgz. Extracting by manifest.
412 silly tarball no local data for @vitest/snapshot@https://registry.npmjs.org/@vitest/snapshot/-/snapshot-4.1.10.tgz. Extracting by manifest.
413 silly tarball no local data for @vitest/mocker@https://registry.npmjs.org/@vitest/mocker/-/mocker-4.1.10.tgz. Extracting by manifest.
414 silly tarball no local data for vitest@https://registry.npmjs.org/vitest/-/vitest-4.1.10.tgz. Extracting by manifest.
415 silly tarball no local data for @vitest/runner@https://registry.npmjs.org/@vitest/runner/-/runner-4.1.10.tgz. Extracting by manifest.
416 silly tarball no local data for tinyglobby@https://registry.npmjs.org/tinyglobby/-/tinyglobby-0.2.17.tgz. Extracting by manifest.
417 silly tarball no local data for @tybys/wasm-util@https://registry.npmjs.org/@tybys/wasm-util/-/wasm-util-0.10.3.tgz. Extracting by manifest.
418 silly tarball no local data for @vitest/expect@https://registry.npmjs.org/@vitest/expect/-/expect-4.1.10.tgz. Extracting by manifest.
419 silly tarball no local data for postcss@https://registry.npmjs.org/postcss/-/postcss-8.5.20.tgz. Extracting by manifest.
420 silly tarball no local data for @napi-rs/wasm-runtime@https://registry.npmjs.org/@napi-rs/wasm-runtime/-/wasm-runtime-1.1.6.tgz. Extracting by manifest.
421 silly tarball no local data for picomatch@https://registry.npmjs.org/picomatch/-/picomatch-4.0.5.tgz. Extracting by manifest.
422 silly tarball no local data for lightningcss-win32-x64-msvc@https://registry.npmjs.org/lightningcss-win32-x64-msvc/-/lightningcss-win32-x64-msvc-1.32.0.tgz. Extracting by manifest.
423 silly tarball no local data for nanoid@https://registry.npmjs.org/nanoid/-/nanoid-3.3.16.tgz. Extracting by manifest.
424 silly tarball no local data for lightningcss@https://registry.npmjs.org/lightningcss/-/lightningcss-1.32.0.tgz. Extracting by manifest.
425 http fetch GET 200 https://registry.npmjs.org/siginfo/-/siginfo-2.0.0.tgz 266ms (cache miss)
426 http fetch GET 200 https://registry.npmjs.org/estree-walker/-/estree-walker-3.0.3.tgz 261ms (cache miss)
427 http fetch GET 200 https://registry.npmjs.org/convert-source-map/-/convert-source-map-2.0.0.tgz 268ms (cache miss)
428 http fetch GET 200 https://registry.npmjs.org/@oxc-project/types/-/types-0.139.0.tgz 269ms (cache miss)
429 http fetch GET 200 https://registry.npmjs.org/assertion-error/-/assertion-error-2.0.1.tgz 268ms (cache miss)
430 http fetch GET 200 https://registry.npmjs.org/stackback/-/stackback-0.0.2.tgz 275ms (cache miss)
431 http fetch GET 200 https://registry.npmjs.org/@rolldown/pluginutils/-/pluginutils-1.0.1.tgz 278ms (cache miss)
432 http fetch GET 200 https://registry.npmjs.org/@types/chai/-/chai-5.2.3.tgz 274ms (cache miss)
433 http fetch POST 200 https://registry.npmjs.org/-/npm/v1/security/advisories/bulk 359ms
434 silly audit report {
434 silly audit report   esbuild: [
434 silly audit report     {
434 silly audit report       id: 1102341,
434 silly audit report       url: 'https://github.com/advisories/GHSA-67mh-4wv8-2f99',
434 silly audit report       title: 'esbuild enables any website to send any requests to the development server and read the response',
434 silly audit report       severity: 'moderate',
434 silly audit report       vulnerable_versions: '<=0.24.2',
434 silly audit report       cwe: [Array],
434 silly audit report       cvss: [Object]
434 silly audit report     },
434 silly audit report     {
434 silly audit report       id: 1120680,
434 silly audit report       url: 'https://github.com/advisories/GHSA-g7r4-m6w7-qqqr',
434 silly audit report       title: 'esbuild allows arbitrary file read when running the development server on Windows',
434 silly audit report       severity: 'low',
434 silly audit report       vulnerable_versions: '>=0.27.3 <0.28.1',
434 silly audit report       cwe: [Array],
434 silly audit report       cvss: [Object]
434 silly audit report     }
434 silly audit report   ],
434 silly audit report   'brace-expansion': [
434 silly audit report     {
434 silly audit report       id: 1120311,
434 silly audit report       url: 'https://github.com/advisories/GHSA-jxxr-4gwj-5jf2',
434 silly audit report       title: 'brace-expansion: Large numeric range defeats documented `max` DoS protection',
434 silly audit report       severity: 'moderate',
434 silly audit report       vulnerable_versions: '>=5.0.0 <5.0.6',
434 silly audit report       cwe: [Array],
434 silly audit report       cvss: [Object]
434 silly audit report     },
434 silly audit report     {
434 silly audit report       id: 1115543,
434 silly audit report       url: 'https://github.com/advisories/GHSA-f886-m6hf-6m8v',
434 silly audit report       title: 'brace-expansion: Zero-step sequence causes process hang and memory exhaustion',
434 silly audit report       severity: 'moderate',
434 silly audit report       vulnerable_versions: '>=4.0.0 <5.0.5',
434 silly audit report       cwe: [Array],
434 silly audit report       cvss: [Object]
434 silly audit report     }
434 silly audit report   ],
434 silly audit report   uuid: [
434 silly audit report     {
434 silly audit report       id: 1119441,
434 silly audit report       url: 'https://github.com/advisories/GHSA-w5hq-g745-h8pq',
434 silly audit report       title: 'uuid: Missing buffer bounds check in v3/v5/v6 when buf is provided',
434 silly audit report       severity: 'moderate',
434 silly audit report       vulnerable_versions: '<11.1.1',
434 silly audit report       cwe: [Array],
434 silly audit report       cvss: [Object]
434 silly audit report     }
434 silly audit report   ],
434 silly audit report   picomatch: [
434 silly audit report     {
434 silly audit report       id: 1115549,
434 silly audit report       url: 'https://github.com/advisories/GHSA-3v7f-55p6-f55p',
434 silly audit report       title: 'Picomatch: Method Injection in POSIX Character Classes causes incorrect Glob Matching',
434 silly audit report       severity: 'moderate',
434 silly audit report       vulnerable_versions: '<2.3.2',
434 silly audit report       cwe: [Array],
434 silly audit report       cvss: [Object]
434 silly audit report     },
434 silly audit report     {
434 silly audit report       id: 1115552,
434 silly audit report       url: 'https://github.com/advisories/GHSA-c2c7-rcm5-vvqj',
434 silly audit report       title: 'Picomatch has a ReDoS vulnerability via extglob quantifiers',
434 silly audit report       severity: 'high',
434 silly audit report       vulnerable_versions: '<2.3.2',
434 silly audit report       cwe: [Array],
434 silly audit report       cvss: [Object]
434 silly audit report     }
434 silly audit report   ],
434 silly audit report   'drizzle-orm': [
434 silly audit report     {
434 silly audit report       id: 1116251,
434 silly audit report       url: 'https://github.com/advisories/GHSA-gpj5-g38j-94v9',
434 silly audit report       title: 'Drizzle ORM has SQL injection via improperly escaped SQL identifiers',
434 silly audit report       severity: 'high',
434 silly audit report       vulnerable_versions: '<0.45.2',
434 silly audit report       cwe: [Array],
434 silly audit report       cvss: [Object]
434 silly audit report     }
434 silly audit report   ],
434 silly audit report   'fast-uri': [
434 silly audit report     {
434 silly audit report       id: 1117884,
434 silly audit report       url: 'https://github.com/advisories/GHSA-v39h-62p7-jpjc',
434 silly audit report       title: 'fast-uri vulnerable to host confusion via percent-encoded authority delimiters',
434 silly audit report       severity: 'high',
434 silly audit report       vulnerable_versions: '<=3.1.1',
434 silly audit report       cwe: [Array],
434 silly audit report       cvss: [Object]
434 silly audit report     },
434 silly audit report     {
434 silly audit report       id: 1117870,
434 silly audit report       url: 'https://github.com/advisories/GHSA-q3j6-qgpj-74h6',
434 silly audit report       title: 'fast-uri vulnerable to path traversal via percent-encoded dot segments',
434 silly audit report       severity: 'high',
434 silly audit report       vulnerable_versions: '<=3.1.0',
434 silly audit report       cwe: [Array],
434 silly audit report       cvss: [Object]
434 silly audit report     }
434 silly audit report   ],
434 silly audit report   'js-yaml': [
434 silly audit report     {
434 silly audit report       id: 1121860,
434 silly audit report       url: 'https://github.com/advisories/GHSA-h67p-54hq-rp68',
434 silly audit report       title: 'JS-YAML: Quadratic-complexity DoS in merge key handling via repeated aliases',
434 silly audit report       severity: 'moderate',
434 silly audit report       vulnerable_versions: '>=4.0.0 <=4.1.1',
434 silly audit report       cwe: [Array],
434 silly audit report       cvss: [Object]
434 silly audit report     }
434 silly audit report   ],
434 silly audit report   next: [
434 silly audit report     {
434 silly audit report       id: 1117931,
434 silly audit report       url: 'https://github.com/advisories/GHSA-8h8q-6873-q5fj',
434 silly audit report       title: 'Next.js Vulnerable to Denial of Service with Server Components',
434 silly audit report       severity: 'high',
434 silly audit report       vulnerable_versions: '>=13.0.0 <15.5.16',
434 silly audit report       cwe: [Array],
434 silly audit report       cvss: [Object]
434 silly audit report     },
434 silly audit report     {
434 silly audit report       id: 1118939,
434 silly audit report       url: 'https://github.com/advisories/GHSA-26hh-7cqf-hhc6',
434 silly audit report       title: 'Next.js has a Middleware / Proxy bypass in App Router applications via segment-prefetch routes - Incomplete Fix Follow-Up',
434 silly audit report       severity: 'high',
434 silly audit report       vulnerable_versions: '>=15.2.0 <15.5.18',
434 silly audit report       cwe: [Array],
434 silly audit report       cvss: [Object]
434 silly audit report     },
434 silly audit report     {
434 silly audit report       id: 1118942,
434 silly audit report       url: 'https://github.com/advisories/GHSA-3g8h-86w9-wvmq',
434 silly audit report       title: "Next.js's Middleware / Proxy redirects can be cache-poisoned",
434 silly audit report       severity: 'low',
434 silly audit report       vulnerable_versions: '>=12.2.0 <15.5.16',
434 silly audit report       cwe: [Array],
434 silly audit report       cvss: [Object]
434 silly audit report     },
434 silly audit report     {
434 silly audit report       id: 1118944,
434 silly audit report       url: 'https://github.com/advisories/GHSA-ffhc-5mcf-pf4q',
434 silly audit report       title: 'Next.js vulnerable to cross-site scripting in App Router applications using CSP nonces',
434 silly audit report       severity: 'moderate',
434 silly audit report       vulnerable_versions: '>=13.4.0 <15.5.16',
434 silly audit report       cwe: [Array],
434 silly audit report       cvss: [Object]
434 silly audit report     },
434 silly audit report     {
434 silly audit report       id: 1118946,
434 silly audit report       url: 'https://github.com/advisories/GHSA-vfv6-92ff-j949',
434 silly audit report       title: 'Next.js vulnerable to cache poisoning via collisions in React Server Component cache-busting',
434 silly audit report       severity: 'low',
434 silly audit report       vulnerable_versions: '>=13.4.6 <15.5.16',
434 silly audit report       cwe: [Array],
434 silly audit report       cvss: [Object]
434 silly audit report     },
434 silly audit report     {
434 silly audit report       id: 1118948,
434 silly audit report       url: 'https://github.com/advisories/GHSA-gx5p-jg67-6x7h',
434 silly audit report       title: 'Next.js has cross-site scripting in beforeInteractive scripts with untrusted input',
434 silly audit report       severity: 'moderate',
434 silly audit report       vulnerable_versions: '>=13.0.0 <15.5.16',
434 silly audit report       cwe: [Array],
434 silly audit report       cvss: [Object]
434 silly audit report     },
434 silly audit report     {
434 silly audit report       id: 1118950,
434 silly audit report       url: 'https://github.com/advisories/GHSA-mg66-mrh9-m8jx',
434 silly audit report       title: 'Next.js vulnerable to Denial of Service via connection exhaustion in applications using Cache Components',
434 silly audit report       severity: 'high',
434 silly audit report       vulnerable_versions: '>=15.0.0 <15.5.16',
434 silly audit report       cwe: [Array],
434 silly audit report       cvss: [Object]
434 silly audit report     },
434 silly audit report     {
434 silly audit report       id: 1118952,
434 silly audit report       url: 'https://github.com/advisories/GHSA-h64f-5h5j-jqjh',
434 silly audit report       title: 'Next.js has a Denial of Service in the Image Optimization API',
434 silly audit report       severity: 'moderate',
434 silly audit report       vulnerable_versions: '>=10.0.0 <15.5.16',
434 silly audit report       cwe: [Array],
434 silly audit report       cvss: [Object]
434 silly audit report     },
434 silly audit report     {
434 silly audit report       id: 1118954,
434 silly audit report       url: 'https://github.com/advisories/GHSA-c4j6-fc7j-m34r',
434 silly audit report       title: 'Next.js vulnerable to server-side request forgery in applications using WebSocket upgrades',
434 silly audit report       severity: 'high',
434 silly audit report       vulnerable_versions: '>=13.4.13 <15.5.16',
434 silly audit report       cwe: [Array],
434 silly audit report       cvss: [Object]
434 silly audit report     },
434 silly audit report     {
434 silly audit report       id: 1118956,
434 silly audit report       url: 'https://github.com/advisories/GHSA-492v-c6pp-mqqv',
434 silly audit report       title: 'Next.js has a Middleware / Proxy bypass through dynamic route parameter injection',
434 silly audit report       severity: 'high',
434 silly audit report       vulnerable_versions: '>=15.4.0 <15.5.16',
434 silly audit report       cwe: [Array],
434 silly audit report       cvss: [Object]
434 silly audit report     },
434 silly audit report     {
434 silly audit report       id: 1118958,
434 silly audit report       url: 'https://github.com/advisories/GHSA-wfc6-r584-vfw7',
434 silly audit report       title: 'Next.js vulnerable to cache poisoning in React Server Component responses',
434 silly audit report       severity: 'moderate',
434 silly audit report       vulnerable_versions: '>=14.2.0 <15.5.16',
434 silly audit report       cwe: [Array],
434 silly audit report       cvss: [Object]
434 silly audit report     },
434 silly audit report     {
434 silly audit report       id: 1118960,
434 silly audit report       url: 'https://github.com/advisories/GHSA-267c-6grr-h53f',
434 silly audit report       title: 'Next.js has a Middleware / Proxy bypass in App Router applications via segment-prefetch routes',
434 silly audit report       severity: 'high',
434 silly audit report       vulnerable_versions: '>=15.2.0 <15.5.16',
434 silly audit report       cwe: [Array],
434 silly audit report       cvss: [Object]
434 silly audit report     },
434 silly audit report     {
434 silly audit report       id: 1118962,
434 silly audit report       url: 'https://github.com/advisories/GHSA-36qx-fr4f-26g5',
434 silly audit report       title: 'Next.js has a Middleware / Proxy bypass in Pages Router applications using i18n',
434 silly audit report       severity: 'high',
434 silly audit report       vulnerable_versions: '>=12.2.0 <15.5.16',
434 silly audit report       cwe: [Array],
434 silly audit report       cvss: [Object]
434 silly audit report     },
434 silly audit report     {
434 silly audit report       id: 1112593,
434 silly audit report       url: 'https://github.com/advisories/GHSA-9g9p-9gw9-jx7f',
434 silly audit report       title: 'Next.js self-hosted applications vulnerable to DoS via Image Optimizer remotePatterns configuration',
434 silly audit report       severity: 'moderate',
434 silly audit report       vulnerable_versions: '>=10.0.0 <15.5.10',
434 silly audit report       cwe: [Array],
434 silly audit report       cvss: [Object]
434 silly audit report     },
434 silly audit report     {
434 silly audit report       id: 1114897,
434 silly audit report       url: 'https://github.com/advisories/GHSA-ggv3-7p47-pfv8',
434 silly audit report       title: 'Next.js: HTTP request smuggling in rewrites',
434 silly audit report       severity: 'moderate',
434 silly audit report       vulnerable_versions: '>=9.5.0 <15.5.13',
434 silly audit report       cwe: [Array],
434 silly audit report       cvss: [Object]
434 silly audit report     },
434 silly audit report     {
434 silly audit report       id: 1114940,
434 silly audit report       url: 'https://github.com/advisories/GHSA-3x4c-7xq6-9pq8',
434 silly audit report       title: 'Next.js: Unbounded next/image disk cache growth can exhaust storage',
434 silly audit report       severity: 'moderate',
434 silly audit report       vulnerable_versions: '>=10.0.0 <15.5.14',
434 silly audit report       cwe: [Array],
434 silly audit report       cvss: [Object]
434 silly audit report     },
434 silly audit report     {
434 silly audit report       id: 1116376,
434 silly audit report       url: 'https://github.com/advisories/GHSA-q4gf-8mx6-v5v3',
434 silly audit report       title: 'Next.js has a Denial of Service with Server Components',
434 silly audit report       severity: 'high',
434 silly audit report       vulnerable_versions: '>=13.0.0 <15.5.15',
434 silly audit report       cwe: [Array],
434 silly audit report       cvss: [Object]
434 silly audit report     }
434 silly audit report   ],
434 silly audit report   postcss: [
434 silly audit report     {
434 silly audit report       id: 1117015,
434 silly audit report       url: 'https://github.com/advisories/GHSA-qx2v-qp2m-jg93',
434 silly audit report       title: 'PostCSS has XSS via Unescaped </style> in its CSS Stringify Output',
434 silly audit report       severity: 'moderate',
434 silly audit report       vulnerable_versions: '<8.5.10',
434 silly audit report       cwe: [Array],
434 silly audit report       cvss: [Object]
434 silly audit report     }
434 silly audit report   ],
434 silly audit report   playwright: [
434 silly audit report     {
434 silly audit report       id: 1109208,
434 silly audit report       url: 'https://github.com/advisories/GHSA-7mvr-c777-76hp',
434 silly audit report       title: 'Playwright downloads and installs browsers without verifying the authenticity of the SSL certificate',
434 silly audit report       severity: 'high',
434 silly audit report       vulnerable_versions: '<1.55.1',
434 silly audit report       cwe: [Array],
434 silly audit report       cvss: [Object]
434 silly audit report     }
434 silly audit report   ],
434 silly audit report   undici: [
434 silly audit report     {
434 silly audit report       id: 1121187,
434 silly audit report       url: 'https://github.com/advisories/GHSA-vmh5-mc38-953g',
434 silly audit report       title: 'undici vulnerable to TLS certificate validation bypass via dropped requestTls in SOCKS5 ProxyAgent',
434 silly audit report       severity: 'high',
434 silly audit report       vulnerable_versions: '>=7.23.0 <7.28.0',
434 silly audit report       cwe: [Array],
434 silly audit report       cvss: [Object]
434 silly audit report     },
434 silly audit report     {
434 silly audit report       id: 1121241,
434 silly audit report       url: 'https://github.com/advisories/GHSA-p88m-4jfj-68fv',
434 silly audit report       title: 'undici vulnerable to HTTP header injection via Set-Cookie percent-decoding',
434 silly audit report       severity: 'moderate',
434 silly audit report       vulnerable_versions: '>=7.0.0 <7.28.0',
434 silly audit report       cwe: [Array],
434 silly audit report       cvss: [Object]
434 silly audit report     },
434 silly audit report     {
434 silly audit report       id: 1121244,
434 silly audit report       url: 'https://github.com/advisories/GHSA-vxpw-j846-p89q',
434 silly audit report       title: 'undici WebSocket client vulnerable to denial of service via fragment count bypass',
434 silly audit report       severity: 'high',
434 silly audit report       vulnerable_versions: '>=7.0.0 <7.28.0',
434 silly audit report       cwe: [Array],
434 silly audit report       cvss: [Object]
434 silly audit report     },
434 silly audit report     {
434 silly audit report       id: 1121247,
434 silly audit report       url: 'https://github.com/advisories/GHSA-hm92-r4w5-c3mj',
434 silly audit report       title: 'undici vulnerable to cross-origin request routing via SOCKS5 proxy pool reuse',
434 silly audit report       severity: 'high',
434 silly audit report       vulnerable_versions: '>=7.23.0 <7.28.0',
434 silly audit report       cwe: [Array],
434 silly audit report       cvss: [Object]
434 silly audit report     },
434 silly audit report     {
434 silly audit report       id: 1121249,
434 silly audit report       url: 'https://github.com/advisories/GHSA-35p6-xmwp-9g52',
434 silly audit report       title: 'undici vulnerable to HTTP response queue poisoning via keep-alive socket reuse',
434 silly audit report       severity: 'low',
434 silly audit report       vulnerable_versions: '>=7.0.0 <7.28.0',
434 silly audit report       cwe: [Array],
434 silly audit report       cvss: [Object]
434 silly audit report     },
434 silly audit report     {
434 silly audit report       id: 1121254,
434 silly audit report       url: 'https://github.com/advisories/GHSA-g8m3-5g58-fq7m',
434 silly audit report       title: 'undici vulnerable to Set-Cookie SameSite attribute downgrade via permissive substring matching',
434 silly audit report       severity: 'low',
434 silly audit report       vulnerable_versions: '>=7.0.0 <7.28.0',
434 silly audit report       cwe: [Array],
434 silly audit report       cvss: [Object]
434 silly audit report     },
434 silly audit report     {
434 silly audit report       id: 1121428,
434 silly audit report       url: 'https://github.com/advisories/GHSA-pr7r-676h-xcf6',
434 silly audit report       title: 'undici vulnerable to cross-user information disclosure via shared cache whitespace bypass',
434 silly audit report       severity: 'moderate',
434 silly audit report       vulnerable_versions: '>=7.0.0 <7.28.0',
434 silly audit report       cwe: [Array],
434 silly audit report       cvss: [Object]
434 silly audit report     }
434 silly audit report   ]
434 silly audit report }
435 silly packumentCache corgi:https://registry.npmjs.org/esbuild cache-miss
436 silly packumentCache corgi:https://registry.npmjs.org/brace-expansion cache-miss
437 silly packumentCache corgi:https://registry.npmjs.org/uuid cache-miss
438 silly packumentCache corgi:https://registry.npmjs.org/picomatch cache-miss
439 silly packumentCache corgi:https://registry.npmjs.org/drizzle-orm cache-miss
440 silly packumentCache corgi:https://registry.npmjs.org/fast-uri cache-miss
441 silly packumentCache corgi:https://registry.npmjs.org/js-yaml cache-miss
442 silly packumentCache corgi:https://registry.npmjs.org/next cache-miss
443 silly packumentCache corgi:https://registry.npmjs.org/postcss cache-miss
444 silly packumentCache corgi:https://registry.npmjs.org/playwright cache-miss
445 silly packumentCache corgi:https://registry.npmjs.org/undici cache-miss
446 http fetch GET 200 https://registry.npmjs.org/tinyexec/-/tinyexec-1.2.4.tgz 514ms (cache miss)
447 http fetch GET 200 https://registry.npmjs.org/pathe/-/pathe-2.0.3.tgz 521ms (cache miss)
448 http fetch GET 200 https://registry.npmjs.org/std-env/-/std-env-4.2.0.tgz 521ms (cache miss)
449 http fetch GET 200 https://registry.npmjs.org/chai/-/chai-6.2.2.tgz 532ms (cache miss)
450 http fetch GET 200 https://registry.npmjs.org/@vitest/spy/-/spy-4.1.10.tgz 531ms (cache miss)
451 http fetch GET 200 https://registry.npmjs.org/rolldown/-/rolldown-1.1.5.tgz 645ms (cache miss)
452 http fetch GET 200 https://registry.npmjs.org/@vitest/pretty-format/-/pretty-format-4.1.10.tgz 648ms (cache miss)
453 http fetch GET 200 https://registry.npmjs.org/@vitest/snapshot/-/snapshot-4.1.10.tgz 706ms (cache miss)
454 http fetch GET 200 https://registry.npmjs.org/obug/-/obug-2.1.4.tgz 737ms (cache miss)
455 http fetch GET 200 https://registry.npmjs.org/@standard-schema/spec/-/spec-1.1.0.tgz 767ms (cache miss)
456 http fetch GET 200 https://registry.npmjs.org/@vitest/mocker/-/mocker-4.1.10.tgz 767ms (cache miss)
457 http fetch GET 200 https://registry.npmjs.org/@vitest/utils/-/utils-4.1.10.tgz 827ms (cache miss)
458 http fetch GET 200 https://registry.npmjs.org/tinyrainbow/-/tinyrainbow-3.1.0.tgz 841ms (cache miss)
459 http fetch GET 200 https://registry.npmjs.org/why-is-node-running/-/why-is-node-running-2.3.0.tgz 847ms (cache miss)
460 http fetch GET 200 https://registry.npmjs.org/@vitest/expect/-/expect-4.1.10.tgz 1329ms (cache miss)
461 http fetch GET 200 https://registry.npmjs.org/tinybench/-/tinybench-2.9.0.tgz 1348ms (cache miss)
462 http fetch GET 200 https://registry.npmjs.org/@types/deep-eql/-/deep-eql-4.0.2.tgz 1354ms (cache miss)
463 http fetch GET 200 https://registry.npmjs.org/picomatch/-/picomatch-4.0.5.tgz 1362ms (cache miss)
464 http fetch GET 200 https://registry.npmjs.org/vite/-/vite-8.1.5.tgz 1410ms (cache miss)
465 http fetch GET 200 https://registry.npmjs.org/postcss/-/postcss-8.5.20.tgz 1409ms (cache miss)
466 http fetch GET 200 https://registry.npmjs.org/@vitest/runner/-/runner-4.1.10.tgz 1472ms (cache miss)
467 http fetch GET 200 https://registry.npmjs.org/uuid 1357ms (cache revalidated)
468 silly packumentCache corgi:https://registry.npmjs.org/uuid set size:82973 disposed:false
469 http fetch GET 200 https://registry.npmjs.org/nanoid/-/nanoid-3.3.16.tgz 1741ms (cache miss)
470 http fetch GET 200 https://registry.npmjs.org/drizzle-orm 1447ms (cache revalidated)
471 silly packumentCache corgi:https://registry.npmjs.org/drizzle-orm set size:1888342 disposed:false
472 http fetch GET 200 https://registry.npmjs.org/picomatch 1711ms (cache revalidated)
473 silly packumentCache corgi:https://registry.npmjs.org/picomatch set size:45123 disposed:false
474 http fetch GET 200 https://registry.npmjs.org/undici 1715ms (cache revalidated)
475 silly packumentCache corgi:https://registry.npmjs.org/undici set size:448766 disposed:false
476 http fetch GET 200 https://registry.npmjs.org/brace-expansion 1764ms (cache revalidated)
477 silly packumentCache corgi:https://registry.npmjs.org/brace-expansion set size:26677 disposed:false
478 http fetch GET 200 https://registry.npmjs.org/fast-uri 1916ms (cache revalidated)
479 silly packumentCache corgi:https://registry.npmjs.org/fast-uri set size:27857 disposed:false
480 http fetch GET 200 https://registry.npmjs.org/playwright 1934ms (cache revalidated)
481 silly packumentCache corgi:https://registry.npmjs.org/playwright set size:8030117 disposed:false
482 http fetch GET 200 https://registry.npmjs.org/lightningcss/-/lightningcss-1.32.0.tgz 2444ms (cache miss)
483 http fetch GET 200 https://registry.npmjs.org/es-module-lexer/-/es-module-lexer-2.3.1.tgz 2480ms (cache miss)
484 http fetch GET 200 https://registry.npmjs.org/next 2202ms (cache revalidated)
485 silly packumentCache corgi:https://registry.npmjs.org/next set size:25371304 disposed:false
486 http fetch GET 200 https://registry.npmjs.org/js-yaml 3479ms (cache revalidated)
487 silly packumentCache corgi:https://registry.npmjs.org/js-yaml set size:65913 disposed:false
488 http fetch GET 200 https://registry.npmjs.org/postcss 3478ms (cache revalidated)
489 silly packumentCache corgi:https://registry.npmjs.org/postcss set size:349702 disposed:false
490 http fetch GET 200 https://registry.npmjs.org/esbuild 3497ms (cache revalidated)
491 silly packumentCache corgi:https://registry.npmjs.org/esbuild set size:887361 disposed:false
492 silly packumentCache corgi:https://registry.npmjs.org/@esbuild-kit%2fcore-utils cache-miss
493 http fetch GET 200 https://registry.npmjs.org/tinyglobby/-/tinyglobby-0.2.17.tgz 3852ms (cache miss)
494 http fetch GET 200 https://registry.npmjs.org/expect-type/-/expect-type-1.4.0.tgz 3864ms (cache miss)
495 http fetch GET 200 https://registry.npmjs.org/@tybys/wasm-util/-/wasm-util-0.10.3.tgz 3944ms (cache miss)
496 http fetch GET 200 https://registry.npmjs.org/vitest/-/vitest-4.1.10.tgz 3977ms (cache miss)
497 http fetch GET 200 https://registry.npmjs.org/@napi-rs/wasm-runtime/-/wasm-runtime-1.1.6.tgz 3977ms (cache miss)
498 http fetch GET 200 https://registry.npmjs.org/@esbuild-kit%2fcore-utils 235ms (cache revalidated)
499 silly packumentCache corgi:https://registry.npmjs.org/@esbuild-kit%2fcore-utils set size:50200 disposed:false
500 silly packumentCache corgi:https://registry.npmjs.org/tsx cache-miss
501 http fetch GET 200 https://registry.npmjs.org/tsx 191ms (cache revalidated)
502 silly packumentCache corgi:https://registry.npmjs.org/tsx set size:129336 disposed:false
503 silly packumentCache corgi:https://registry.npmjs.org/minimatch cache-miss
504 http fetch GET 200 https://registry.npmjs.org/minimatch 222ms (cache revalidated)
505 silly packumentCache corgi:https://registry.npmjs.org/minimatch set size:168441 disposed:false
506 silly packumentCache corgi:https://registry.npmjs.org/@payloadcms%2fdrizzle cache-miss
507 silly packumentCache corgi:https://registry.npmjs.org/@payloadcms%2fdb-postgres cache-miss
508 silly packumentCache corgi:https://registry.npmjs.org/@payloadcms%2fnext cache-miss
509 silly packumentCache corgi:https://registry.npmjs.org/@payloadcms%2frichtext-lexical cache-miss
510 silly packumentCache corgi:https://registry.npmjs.org/@payloadcms%2fui cache-miss
511 silly packumentCache corgi:https://registry.npmjs.org/payload cache-miss
512 http fetch GET 200 https://registry.npmjs.org/@payloadcms%2fui 251ms (cache revalidated)
513 silly packumentCache corgi:https://registry.npmjs.org/@payloadcms%2fui set size:2736125 disposed:false
514 http fetch GET 200 https://registry.npmjs.org/@payloadcms%2frichtext-lexical 301ms (cache revalidated)
515 silly packumentCache corgi:https://registry.npmjs.org/@payloadcms%2frichtext-lexical set size:3234312 disposed:false
516 http fetch GET 200 https://registry.npmjs.org/@payloadcms%2fnext 354ms (cache revalidated)
517 silly packumentCache corgi:https://registry.npmjs.org/@payloadcms%2fnext set size:2407851 disposed:false
518 http fetch GET 200 https://registry.npmjs.org/@payloadcms%2fdb-postgres 428ms (cache revalidated)
519 silly packumentCache corgi:https://registry.npmjs.org/@payloadcms%2fdb-postgres set size:1621635 disposed:false
520 http fetch GET 200 https://registry.npmjs.org/payload 466ms (cache revalidated)
521 silly packumentCache corgi:https://registry.npmjs.org/payload set size:5992047 disposed:false
522 http fetch GET 200 https://registry.npmjs.org/@payloadcms%2fdrizzle 555ms (cache revalidated)
523 silly packumentCache corgi:https://registry.npmjs.org/@payloadcms%2fdrizzle set size:1265089 disposed:false
524 silly packumentCache corgi:https://registry.npmjs.org/micromatch cache-miss
525 http fetch GET 200 https://registry.npmjs.org/micromatch 234ms (cache revalidated)
526 silly packumentCache corgi:https://registry.npmjs.org/micromatch set size:71776 disposed:false
527 silly packumentCache corgi:https://registry.npmjs.org/ajv cache-miss
528 http fetch GET 200 https://registry.npmjs.org/ajv 290ms (cache revalidated)
529 silly packumentCache corgi:https://registry.npmjs.org/ajv set size:467559 disposed:false
530 silly packumentCache corgi:https://registry.npmjs.org/@apidevtools%2fjson-schema-ref-parser cache-miss
531 silly packumentCache corgi:https://registry.npmjs.org/@eslint%2feslintrc cache-miss
532 silly packumentCache corgi:https://registry.npmjs.org/json-schema-to-typescript cache-miss
533 http fetch GET 200 https://registry.npmjs.org/json-schema-to-typescript 336ms (cache revalidated)
534 silly packumentCache corgi:https://registry.npmjs.org/json-schema-to-typescript set size:175845 disposed:false
535 http fetch GET 200 https://registry.npmjs.org/@eslint%2feslintrc 371ms (cache revalidated)
536 silly packumentCache corgi:https://registry.npmjs.org/@eslint%2feslintrc set size:84432 disposed:false
537 http fetch GET 200 https://registry.npmjs.org/@apidevtools%2fjson-schema-ref-parser 374ms (cache revalidated)
538 silly packumentCache corgi:https://registry.npmjs.org/@apidevtools%2fjson-schema-ref-parser set size:130311 disposed:false
539 silly packumentCache corgi:https://registry.npmjs.org/@playwright%2ftest cache-miss
540 http fetch GET 200 https://registry.npmjs.org/@playwright%2ftest 348ms (cache revalidated)
541 silly packumentCache corgi:https://registry.npmjs.org/@playwright%2ftest set size:4842898 disposed:false
542 silly packumentCache corgi:https://registry.npmjs.org/@esbuild-kit%2fesm-loader cache-miss
543 http fetch GET 200 https://registry.npmjs.org/@esbuild-kit%2fesm-loader 355ms (cache revalidated)
544 silly packumentCache corgi:https://registry.npmjs.org/@esbuild-kit%2fesm-loader set size:48382 disposed:false
545 silly packumentCache corgi:https://registry.npmjs.org/@payloadcms%2fplugin-cloud-storage cache-miss
546 http fetch GET 200 https://registry.npmjs.org/@payloadcms%2fplugin-cloud-storage 391ms (cache revalidated)
547 silly packumentCache corgi:https://registry.npmjs.org/@payloadcms%2fplugin-cloud-storage set size:1744635 disposed:false
548 silly packumentCache corgi:https://registry.npmjs.org/drizzle-kit cache-miss
549 http fetch GET 200 https://registry.npmjs.org/drizzle-kit 217ms (cache revalidated)
550 silly packumentCache corgi:https://registry.npmjs.org/drizzle-kit set size:1203922 disposed:false
551 silly packumentCache corgi:https://registry.npmjs.org/@payloadcms%2fstorage-s3 cache-miss
552 http fetch GET 200 https://registry.npmjs.org/lightningcss-win32-x64-msvc/-/lightningcss-win32-x64-msvc-1.32.0.tgz 8135ms (cache miss)
553 http fetch GET 200 https://registry.npmjs.org/@payloadcms%2fstorage-s3 558ms (cache revalidated)
554 silly packumentCache corgi:https://registry.npmjs.org/@payloadcms%2fstorage-s3 set size:1346818 disposed:false
555 http fetch GET 200 https://registry.npmjs.org/@rolldown/binding-win32-x64-msvc/-/binding-win32-x64-msvc-1.1.5.tgz 10955ms (cache miss)
556 silly ADD node_modules/stackback
557 silly ADD node_modules/siginfo
558 silly ADD node_modules/@rolldown/pluginutils
559 silly ADD node_modules/@rolldown/binding-win32-x64-msvc
560 silly ADD node_modules/@oxc-project/types
561 silly ADD node_modules/rolldown
562 silly ADD node_modules/convert-source-map
563 silly ADD node_modules/estree-walker
564 silly ADD node_modules/assertion-error
565 silly ADD node_modules/@types/deep-eql
566 silly ADD node_modules/chai
567 silly ADD node_modules/@types/chai
568 silly ADD node_modules/@standard-schema/spec
569 silly ADD node_modules/why-is-node-running
570 silly ADD node_modules/vite
571 silly ADD node_modules/vite/node_modules/lightningcss-win32-x64-msvc
572 silly ADD node_modules/vite/node_modules/lightningcss
573 silly ADD node_modules/tinyrainbow
574 silly ADD node_modules/tinyexec
575 silly ADD node_modules/tinybench
576 silly ADD node_modules/std-env
577 silly ADD node_modules/pathe
578 silly ADD node_modules/obug
579 silly ADD node_modules/expect-type
580 silly ADD node_modules/es-module-lexer
581 silly ADD node_modules/@vitest/utils
582 silly ADD node_modules/@vitest/spy
583 silly ADD node_modules/@vitest/snapshot
584 silly ADD node_modules/@vitest/runner
585 silly ADD node_modules/@vitest/pretty-format
586 silly ADD node_modules/@vitest/mocker
587 silly ADD node_modules/@vitest/expect
588 silly ADD node_modules/vitest
589 silly CHANGE node_modules/tinyglobby
590 silly CHANGE node_modules/postcss
591 silly CHANGE node_modules/picomatch
592 silly CHANGE node_modules/nanoid
593 silly CHANGE node_modules/@tybys/wasm-util
594 silly CHANGE node_modules/@napi-rs/wasm-runtime
595 verbose cwd C:\Users\HP\Documents\Cursor projects\Commersial\Bizon
596 verbose os Windows_NT 10.0.19045
597 verbose node v24.14.0
598 verbose npm  v11.9.0
599 verbose exit 0
600 info ok
